image_id,dog_visible,face_clear,no_duplicate_face_parts,no_extra_legs,one_dog,no_mirror,no_multi_panel,pastel_style,no_realistic_rendering,human_prompt_consistency,human_face_clear,prompt_reflected,brightness_ok,sharpness_ok,pastel_color_ok,time_palette_ok,place_context_ok,no_text,total_score,raw_level,caps_applied,final_level,clip_dog_score,clip_face_score,clip_pastel_score,clip_activity_score,clip_place_score,yolo_dog_count,reason_face_clear,reason_one_dog,reason_prompt_reflected,reason_time_palette_ok,reason_no_mirror,reason_no_extra_legs,reason_pastel_style,reason_human_prompt_consistency,reason_no_duplicate_face_parts,reason_no_realistic_rendering,reason_human_face_clear,reason_place_context_ok,in_tokens,out_tokens
20260415_100820_048b3f,1,1.0,1.0,1.0,1.0,1.0,1,1.0,1.0,,,1.0,1,0,1,1.0,1.0,1,15,L4,"""""",L4,0.0515,0.024,0.0724,0.0962,,0,강아지 얼굴이 선명하고 왜곡 없이 잘 표현되어 있다.,이미지에는 강아지가 정확히 1마리 그려져 있다.,프롬프트 내용인 목욕하는 장면이 잘 반영되어 있다.,이미지 팔레트가 낮의 느낌과 일치한다.,반사 이미지가 없다.,강아지의 다리 개수가 자연스럽게 잘 표현되어 있다.,한국-일본식 파스텔 그림책 스타일로 그려졌다.,사람이 나타나지 않아 해당 사항 없음.,"눈, 코, 귀가 중복 없이 정확하게 표현되어 있다.",사실적 렌더링 요소가 없다.,사람이 없기 때문에 해당 사항 없음.,목욕을 위한 장소와 배경이 잘 표현되어 있다.,1719,390
20260415_101812_e8a482,1,1.0,1.0,1.0,1.0,1.0,1,1.0,1.0,,,1.0,1,0,1,1.0,1.0,1,15,L4,"""""",L4,0.0241,0.0352,0.0652,0.101,,0,강아지 얼굴이 선명하게 표현되어 있음.,이미지에 강아지는 한 마리만 있음.,프롬프트의 핵심 요소인 목욕 후 뽀송한 강아지가 잘 반영됨.,시간적인 요소와 팔레트의 불일치 없음.,반사나 거울 이미지가 없음.,다리 수는 정상적으로 잘 표현됨.,파스텔 그림책 스타일로 표현됨.,사람 없음.,"눈, 코, 귀가 정상적으로 하나씩 표현됨.",사실적 렌더링이 없이 일러스트 스타일로 표현됨.,사람 없음.,목욕 후의 상황과 장소가 잘 표현됨.,1716,367
20260415_104723_a91139,1,1.0,1.0,1.0,1.0,1.0,1,1.0,1.0,,,1.0,1,0,1,1.0,1.0,1,15,L4,"""""",L4,0.0462,0.0138,0.0485,0.1146,,0,강아지 얼굴이 선명하게 표현되어 있다.,이미지에는 강아지가 정확히 한 마리만 있다.,강아지가 목욕하는 장면으로 프롬프트가 반영되었다.,낮 또는 실내 밝은 조명에 맞는 팔레트이다.,반사나 거울 이미지는 없다.,다리가 정상적으로 표현되었다.,한국-일본식 파스텔 그림책 스타일로 그려졌다.,사람이 등장하지 않아 해당 없음.,"눈, 코, 귀가 중복 생성되지 않았다.",사실적 렌더링이 혼입되지 않았다.,사람이 없으므로 해당 없음.,목욕탕 배경이 적절히 표현되었다.,1717,366
20260415_105503_770317,1,1.0,1.0,1.0,1.0,1.0,1,1.0,1.0,,,1.0,1,0,1,1.0,1.0,1,15,L4,"""""",L4,0.0585,0.0088,0.0821,,0.0154,0,강아지 얼굴이 선명하고 왜곡되지 않음.,이미지에 강아지가 정확히 1마리임.,프롬프트의 핵심 요소가 잘 반영됨.,낮에 맞는 밝은 팔레트 사용.,반사 이미지가 없음.,다리 수가 자연스럽고 추가되지 않았음.,한국식 파스텔 그림책 스타일을 잘 반영함.,사람이 없어 평가 대상 아님.,"눈, 코, 귀가 중복 생성되지 않았음.",사실적 렌더링이 혼입되지 않음.,사람이 없어 평가 대상 아님.,공원 배경이 잘 표현되어 있음.,1715,367
20260415_113143_64da8a,1,1.0,1.0,1.0,1.0,1.0,1,1.0,1.0,,,1.0,1,0,1,1.0,1.0,1,15,L4,"""""",L4,0.0392,0.019,0.1006,0.0637,,0,강아지의 얼굴이 분명하고 선명함.,이미지 내 강아지가 정확히 한 마리임.,프롬프트의 핵심 장면이 잘 반영됨.,팔레트가 낮 시간대에 맞게 잘 표현됨.,반사/거울 이미지 없음.,다리가 추가 생성되지 않았음.,한국-일본식 파스텔 그림책 스타일을 충실히 따름.,사람의 존재 여부와 관련된 것이 아님.,"눈, 코, 귀가 중복되지 않음.",사실적인 렌더링이 혼입되지 않음.,사람의 얼굴이 명확히 드러나지 않음.,장소와 배경이 잘 표현됨.,1715,378
20260415_135430_4dcd30,1,1.0,1.0,1.0,1.0,1.0,1,1.0,1.0,,,0.0,1,0,1,1.0,1.0,1,14,L4,"""prompt_reflected->L3""",L3,0.0426,0.019,0.0999,0.0684,,0,강아지 얼굴이 선명하고 이목구비가 뚜렷하다.,이미지 내 강아지는 정확히 한 마리이다.,프롬프트의 '친구들' 요소가 반영되지 않았다.,밝은 팔레트가 사용되어 낮의 분위기를 잘 살렸다.,반사 또는 거울 이미지는 없다.,다리 수가 자연스럽고 추가 생성되지 않았다.,한국-일본식 파스텔 그림책 스타일이다.,사람이 없으므로 해당 없음.,"눈, 코, 귀가 중복 생성되지 않았다.",사실적 렌더링이 전혀 포함되지 않았다.,사람이 없으므로 해당 없음.,생일 파티의 실내 환경이 잘 묘사되었다.,1715,376
20260415_150630_acd529,1,1.0,1.0,1.0,1.0,1.0,1,1.0,1.0,,,1.0,1,0,1,1.0,1.0,1,15,L4,"""""",L4,0.0415,0.0127,0.096,0.0343,0.0687,0,강아지의 얼굴이 선명하고 왜곡 없이 표현됨.,이미지에 강아지가 정확히 1마리 있음.,햇살 아래 공원 산책이라는 프롬프트가 잘 반영됨.,낮의 밝은 색 팔레트가 적절히 사용됨.,반사나 거울 이미지가 없음.,강아지의 다리 수가 정상적으로 표현됨.,한국-일본식 파스텔 그림책 스타일로 표현됨.,사람이 등장하지 않음.,강아지의 이목구비가 중복되거나 추가되지 않음.,사실적 렌더링이 혼입되지 않음.,사람이 없으므로 해당 없음.,공원 배경이 잘 표현됨.,1716,385
20260415_151718_79edfe,1,1.0,1.0,1.0,1.0,1.0,1,1.0,1.0,,,0.0,1,1,1,1.0,1.0,1,15,L4,"""prompt_reflected->L3""",L3,0.0604,0.0086,0.0929,0.0506,0.0533,0,강아지의 얼굴이 선명하고 균형 잡혀 있습니다.,이미지에 강아지가 정확히 한 마리 있습니다.,비 오는 날의 요소가 이미지에 반영되지 않았습니다.,팔레트가 낮 시간대로서 잘 어울립니다.,반사나 거울 효과가 없습니다.,다리 개수와 위치가 자연스럽습니다.,파스텔 그림책 스타일이 잘 적용되었습니다.,사람이 등장하지 않기 때문에 평가하지 않습니다.,"눈, 코, 귀가 중복으로 생성되지 않았습니다.",사실적인 렌더링 요소가 전혀 없습니다.,사람이 없으므로 해당하지 않습니다.,배경이 집의 실내 환경을 잘 반영하고 있습니다.,1715,414
20260415_152316_c486a4,1,1.0,1.0,1.0,0.0,1.0,1,1.0,1.0,1.0,1.0,1.0,1,0,1,1.0,1.0,0,15,L4,"""one_dog->L1,no_text->L3""",L1,0.033,0.0172,0.1051,,0.0947,0,강아지 얼굴이 선명하게 그려져 있습니다.,이미지 내 강아지가 두 마리 이상 있습니다.,애견카페에서의 신나는 시간이 잘 반영되어 있습니다.,실내 낮의 팔레트가 적절히 사용되었습니다.,반사 이미지가 없습니다.,다리가 이상 없이 자연스럽게 표현되었습니다.,한국식 파스텔 그림책 스타일로 그려져 있습니다.,사람 표현이 프롬프트와 충돌하지 않습니다.,"눈, 코, 귀가 중복되지 않았습니다.",사실적 렌더링 없이 부드럽게 표현되었습니다.,사람 얼굴이 식별 가능하게 표현되었습니다.,애견카페 배경이 잘 표현되었습니다.,1715,375
20260415_152612_8817b3,1,1.0,1.0,1.0,1.0,1.0,1,1.0,1.0,,,1.0,1,0,1,1.0,1.0,1,15,L4,"""""",L4,0.0419,0.0078,0.0636,,,0,강아지 얼굴이 선명하고 왜곡 없이 잘 표현됨,이미지 내 강아지는 정확히 1마리,프롬프트의 핵심 요소인 졸린 강아지가 잘 반영됨,배경의 창밖이 낮임을 나타내며 적절한 팔레트 사용,반사/거울 이미지가 존재하지 않음,다리가 추가 생성되지 않고 정상적으로 표현됨,한국-일본식 파스텔 그림책 스타일에 잘 부합,사람이 없는 이미지,"눈, 코, 귀가 중복 없이 정상적으로 표현됨",사실적 렌더링 요소가 없음,사람이 없는 이미지,"실내, 침대 배경이 정확히 나타남",1712,371
20260415_153837_7f1a39,1,1.0,1.0,1.0,1.0,1.0,1,1.0,1.0,,,1.0,1,1,1,1.0,1.0,1,16,L4,"""""",L4,0.0533,0.0023,0.0969,,,0,강아지의 얼굴이 선명하게 잘 표현되어 있으며 왜곡이 없습니다.,이미지 내에 강아지가 정확히 한 마리만 있습니다.,프롬프트의 핵심 장면인 강아지가 장난감을 가지고 있는 모습이 잘 표현되었습니다.,팔레트와 시간대가 자연스럽게 어울립니다.,반사나 거울 이미지는 없습니다.,다리가 정상적인 개수로 자연스럽게 표현되었습니다.,한국-일본식 파스텔 그림책 스타일이 잘 반영되었습니다.,사람이 등장하지 않습니다.,"눈, 코, 귀가 중복되지 않고 정상적인 개수로 표현되었습니다.",사실적 렌더링이 없이 일러스트 스타일로 표현되었습니다.,사람이 없습니다.,배경이 실내라는 장소와 분위기에 잘 맞습니다.,1712,434
20260415_154753_ad86dd,1,1.0,1.0,1.0,1.0,1.0,1,1.0,1.0,,,1.0,1,0,1,1.0,1.0,1,15,L4,"""""",L4,0.0457,0.0199,0.0991,0.0137,,0,강아지 얼굴이 선명하며 왜곡 없이 표현됨.,이미지에 강아지는 정확히 1마리임.,강아지가 간식을 기다리는 모습이 잘 표현됨.,밝은 낮의 팔레트와 잘 일치함.,반사 이미지가 없음.,다리가 정상적으로 4개 있으며 추가되거나 부자연스럽지 않음.,한국-일본식 파스텔 그림책 스타일이 잘 표현됨.,"이미지에 사람이 부분적으로 보이지만, 주요 요소는 강아지임.","눈, 코, 귀가 중복 없이 정상적으로 생성됨.",사실적 렌더링 없이 일러스트 스타일로 표현됨.,사람의 얼굴은 보이지 않음.,배경이 자연스럽고 전체 맥락에 어울림.,1713,395
20260415_155037_9b424a,1,1.0,1.0,1.0,1.0,1.0,1,1.0,1.0,,,0.0,1,0,1,1.0,0.0,1,13,L3,"""prompt_reflected->L3""",L3,0.0579,0.016,0.1145,-0.0106,,0,"강아지의 눈, 코, 입이 선명하게 표현되었다.",이미지에는 강아지가 한 마리뿐이다.,프롬프트에는 병원이 언급되었으나 이미지에서는 병원 요소가 없다.,낮의 분위기로 팔레트가 일치한다.,반사나 거울 이미지가 없다.,다리가 네 개로 자연스럽게 표현되었다.,한국식 파스텔 그림책 스타일로 표현되었다.,이미지에 사람은 등장하지 않는다.,"눈, 코, 귀가 중복되지 않고 정상적으로 표현되었다.",사실적 렌더링 없이 일러스트 스타일이다.,사람이 없으므로 해당 없음.,프롬프트에서 언급된 장소와 상황이 이미지에 반영되지 않았다.,1716,427
20260415_155306_cc40ae,1,1.0,1.0,1.0,1.0,1.0,1,1.0,1.0,1.0,1.0,1.0,1,1,1,1.0,1.0,1,18,L5,"""""",L5,0.0358,0.0131,0.1244,,,0,강아지 얼굴이 선명하게 표현됨.,강아지가 정확히 한 마리 있음.,프롬프트의 요소가 잘 반영됨.,따뜻한 색조로 포근한 분위기 표현.,반사 또는 거울 이미지 없음.,다리가 추가로 생성되지 않음.,한국식 파스텔 그림책 스타일임.,사람이 프롬프트와 일치하게 표현됨.,"눈, 코, 귀가 중복되지 않음.",사실적 렌더링 요소가 없음.,사람 얼굴이 식별 가능하게 표현됨.,배경이 가정집으로 표현되어 있음.,1713,360
20260415_155815_491322,0,,,,,,1,,,,,,1,1,1,,,1,5,L1,"""dog_visible->L0""",L0,0.0198,0.003,0.0952,0.0511,-0.0004,0,[LLM SKIPPED: dog not visible],[LLM SKIPPED: dog not visible],[LLM SKIPPED: dog not visible],[LLM SKIPPED: dog not visible],[LLM SKIPPED: dog not visible],[LLM SKIPPED: dog not visible],[LLM SKIPPED: dog not visible],[LLM SKIPPED: dog not visible],[LLM SKIPPED: dog not visible],[LLM SKIPPED: dog not visible],[LLM SKIPPED: dog not visible],[LLM SKIPPED: dog not visible],0,0
20260415_160000_2c4900,1,1.0,1.0,1.0,1.0,1.0,1,1.0,1.0,1.0,0.0,1.0,1,0,1,1.0,1.0,1,16,L4,"""""",L4,0.0237,0.0137,0.1027,0.0801,0.0172,0,강아지 얼굴이 선명하고 왜곡 없이 그려져 있습니다.,이미지 내 강아지가 정확히 1마리 있습니다.,눈 위에서 강아지와 산책하는 장면이 잘 표현되었습니다.,눈이 쌓인 낮의 풍경과 일치하는 팔레트가 사용되었습니다.,반사되거나 거울처럼 보이는 부분이 없습니다.,강아지의 다리 수가 정상적으로 표현되어 있습니다.,전반적인 느낌이 파스텔 그림책 스타일과 일치합니다.,프롬프트와 일치하는 사람의 표현이 있습니다.,"눈, 코, 귀가 중복 없이 정상적으로 표현되어 있습니다.",사실적 렌더링 없이 일러스트로 표현되었습니다.,사람 얼굴이 흐릿하게 표현되어 있습니다.,눈 위에서 산책하는 배경이 적절하게 표현되었습니다.,1715,397
20260416_092151_374074,1,1.0,1.0,1.0,1.0,1.0,1,1.0,1.0,1.0,1.0,1.0,1,1,1,1.0,1.0,1,18,L5,"""""",L5,0.0374,0.0246,0.1273,,,0,강아지의 얼굴이 선명하게 표현되었습니다.,이미지에는 강아지가 정확히 한 마리만 있습니다.,프롬프트의 핵심 요소가 이미지에 반영되었습니다.,저녁 설정에 맞는 따뜻하고 포근한 팔레트가 사용되었습니다.,반사 또는 거울 이미지가 없습니다.,강아지 다리의 수가 적절하게 표현되었습니다.,한국-일본식 파스텔 그림책 스타일로 그려졌습니다.,사람이 등장하며 프롬프트와 일치합니다.,"강아지의 눈, 코, 귀가 중복되지 않았습니다.",사실적 렌더링이 없이 일러스트 스타일로 표현되었습니다.,사람의 얼굴이 식별 가능하게 표현되었습니다.,실내 배경과 소품이 자연스럽게 표현되었습니다.,1713,438
20260416_094954_58d95b,1,1.0,1.0,1.0,1.0,1.0,1,1.0,1.0,,,0.0,1,1,1,1.0,1.0,1,15,L4,"""prompt_reflected->L3""",L3,0.0416,0.0186,0.0991,-0.0129,,0,강아지 얼굴이 선명하고 이목구비가 잘 표현됨.,이미지에 강아지가 한 마리만 있음.,프롬프트의 핵심 요소인 '목욕'과 '간식'이 반영되지 않음.,이미지의 색감이 낮의 팔레트를 반영함.,반사 또는 거울 이미지가 없음.,강아지의 다리가 자연스럽고 추가 생성되지 않음.,파스텔 그림책 스타일로 표현됨.,사람의 표현이 프롬프트와 직접적으로 일치하거나 불일치하지 않음.,"눈, 코, 귀가 중복 생성되지 않음.",사실적 렌더링이 혼입되지 않았음.,사람 얼굴이 명확히 드러나지 않음.,배경이 자연 환경임을 잘 표현하고 있음.,1714,393
20260416_095043_edf837,1,1.0,1.0,1.0,1.0,1.0,1,1.0,1.0,1.0,1.0,1.0,1,0,1,1.0,1.0,1,17,L5,"""""",L5,0.0355,-0.0008,0.12,,0.0435,0,강아지 얼굴이 선명하고 왜곡 없이 표현됨.,강아지가 정확히 한 마리 등장함.,프롬프트의 핵심 장면(공원에서 강아지)과 잘 일치함.,낮의 팔레트를 반영하여 밝고 생동감 있게 표현됨.,반사되거나 거울처럼 보이는 이미지가 없음.,다리의 수와 위치가 자연스러움.,한국-일본식 파스텔 그림책 스타일을 잘 따름.,사람이 자연스럽게 표현되어 프롬프트와 충돌하지 않음.,"눈, 코, 귀가 중복 없이 적절히 표현됨.",사실적 렌더링 없이 일러스트로 잘 표현됨.,사람 얼굴이 식별 가능하게 표현됨.,공원의 배경이 자연스럽게 잘 묘사됨.,1712,410
20260416_095108_341416,1,1.0,1.0,1.0,0.0,1.0,1,1.0,1.0,0.0,0.0,0.0,1,0,1,1.0,1.0,1,13,L3,"""one_dog->L1,prompt_reflected->L3""",L1,0.0436,0.0278,0.0951,-0.0144,,0,강아지 얼굴이 선명하고 이목구비가 뚜렷하게 표현되어 있다.,이미지 내에 강아지가 두 마리 등장하고 있다.,프롬프트에 고양이가 언급되었으나 강아지가 그려져 있다.,낮 배경에 맞는 밝은 색조가 사용되었다.,반사나 거울 이미지는 없다.,다리가 적절한 개수로 자연스럽게 표현되어 있다.,한국-일본식 파스텔 그림책 스타일로 그려졌다.,사람이 등장하여 프롬프트와 일치하지 않는다.,"눈, 코, 귀의 중복이 없다.","사실적 렌더링이 없고, 애니메이션 스타일이다.",사람 얼굴이 식별 가능하게 명확히 표현되지 않았다.,실내 배경이 적절히 표현되어 있다.,1712,414
20260416_095133_56a45f,1,1.0,1.0,1.0,1.0,1.0,1,1.0,1.0,1.0,1.0,1.0,1,0,1,1.0,1.0,1,17,L5,"""""",L5,0.0378,0.0019,0.1145,,,0,강아지의 얼굴이 선명하고 왜곡 없이 잘 표현되었습니다.,이미지에 강아지가 정확히 한 마리 있습니다.,"프롬프트의 핵심 장면, 강아지가 사람을 반긴다는 내용이 반영되었습니다.",시간대에 관한 정보는 없으나 팔레트와 충돌이 없습니다.,반사 또는 거울 이미지가 없습니다.,강아지의 다리는 정상적으로 표현되었습니다.,한국-일본식 파스텔 그림책 스타일로 표현되었습니다.,사람이 프롬프트와 충돌 없이 잘 표현되었습니다.,"눈, 코, 귀 등이 중복 생성되지 않았습니다.",사실적 렌더링이 혼입되지 않았습니다.,사람의 얼굴이 식별 가능하게 표현되었습니다.,프롬프트에 따른 배경이 잘 표현되었습니다.,1712,401
20260416_095200_1b060d,1,1.0,1.0,1.0,1.0,1.0,1,1.0,1.0,,,1.0,0,1,1,1.0,1.0,1,15,L4,"""""",L4,0.038,0.0163,0.0931,0.0597,,1,강아지의 얼굴이 선명하고 왜곡되지 않음.,이미지에 강아지는 한 마리만 있음.,프롬프트의 핵심 요소인 '눈 위에 발자국'이 잘 반영됨.,눈 덮인 배경과 잘 어울리게 팔레트가 밸런스가 맞음.,거울 또는 반사 이미지가 없음.,다리의 수가 적절하며 위치도 자연스러움.,한국식 파스텔 그림책 스타일로 표현됨.,사람이 등장하지 않음.,"눈, 코, 귀가 중복되지 않고 자연스러움.",사실적 렌더링 요소가 없음.,사람이 없으므로 해당 없음.,눈 덮인 공원의 자연스러운 배경이 잘 표현됨.,1715,395
20260416_095226_eec7c5,1,1.0,1.0,1.0,1.0,1.0,1,1.0,1.0,1.0,1.0,1.0,1,0,1,1.0,1.0,1,17,L5,"""""",L5,0.0341,0.0175,0.128,,,0,강아지의 얼굴은 선명하고 왜곡 없이 표현됨.,이미지 내 강아지가 정확히 한 마리임.,프롬프트의 핵심 장면이 잘 반영됨.,장면의 팔레트가 배경과 일치하며 자연스러움.,반사 또는 거울 이미지가 없음.,다리가 추가 생성되지 않고 자연스러움.,한국-일본식 파스텔 그림책 스타일로 표현됨.,프롬프트에 따른 인간 표현과 일치함.,"강아지의 눈, 코, 귀가 중복되지 않음.",사실적 렌더링이 없이 일러스트로 표현됨.,사람의 얼굴이 이목구비가 뚜렷하게 표현됨.,프롬프트의 배경 맥락에 적합한 장소 표현.,1715,405
20260416_095254_c66582,1,1.0,1.0,1.0,0.0,1.0,1,1.0,1.0,0.0,1.0,0.0,1,0,1,1.0,1.0,1,14,L4,"""one_dog->L1,prompt_reflected->L3""",L1,0.0311,0.0182,0.0927,,,0,강아지 얼굴이 선명하게 표현됨.,이미지에 강아지가 두 마리 있음.,강아지와 함께 놀았다는 장면이 반영되지 않음.,시간대와 팔레트가 일치함.,반사 이미지 없음.,다리 수가 정상적임.,한국-일본식 파스텔 스타일이 맞음.,프롬프트에 없는 사람이 묘사됨.,"눈, 코, 귀가 중복되지 않음.",사실적 렌더링 혼입 없음.,사람의 얼굴이 선명하게 표현됨.,실내 배경과 잘 일치함.,1713,360
20260416_095320_02b388,1,1.0,1.0,1.0,1.0,1.0,1,1.0,1.0,1.0,1.0,1.0,1,0,1,1.0,1.0,1,17,L5,"""""",L5,0.0381,0.023,0.1243,,0.0595,0,강아지의 얼굴이 선명하게 표현되어 있습니다.,이미지에 강아지가 한 마리만 있습니다.,카페에서의 행복한 시간이 잘 표현되었습니다.,밝은 낮의 팔레트가 적절하게 사용되었습니다.,거울이나 반사 이미지는 없습니다.,다리가 자연스러운 위치에 네 개 있습니다.,한국-일본식 파스텔 그림책 스타일로 그려졌습니다.,사람들이 카페에서 시간을 보내고 있어 프롬프트와 일치합니다.,"눈, 코, 귀가 중복되지 않고 정상적으로 있습니다.",사실적인 렌더링이 혼합되지 않았고 일러스트 스타일입니다.,사람의 얼굴이 선명하게 표현되어 있습니다.,카페의 배경이 확실하게 드러나 있습니다.,1712,394
20260416_095347_1c1f99,1,1.0,1.0,1.0,1.0,1.0,1,1.0,1.0,1.0,1.0,1.0,1,1,1,1.0,1.0,1,18,L5,"""""",L5,0.0431,0.0164,0.1151,0.0136,,0,강아지의 얼굴이 선명하게 표현됨.,한 마리의 강아지가 존재함.,프롬프트에 제시된 장면이 잘 반영됨.,따스한 낮잠 시간에 맞는 팔레트임.,반사 이미지가 없음.,다리가 추가 생성되지 않음.,한국식 파스텔 그림책 스타일로 표현됨.,사람 표현이 프롬프트와 일치함.,"눈, 코, 귀가 중복되지 않음.",사실적 렌더링 요소가 없음.,사람 얼굴이 명확하게 표현됨.,장소와 배경이 잘 표현됨.,1714,351
20260416_095413_32bc9e,1,1.0,1.0,1.0,1.0,1.0,1,1.0,1.0,1.0,0.0,1.0,1,1,1,1.0,1.0,1,17,L5,"""""",L5,0.0549,0.012,0.0956,0.0729,0.072,1,강아지 얼굴이 선명하게 표현되었다.,이미지 내에 강아지가 한 마리만 있다.,공원에서 공놀이하는 장면이 잘 반영되었다.,밝은 낮의 팔레트가 사용되었다.,반사나 거울 이미지가 없다.,다리 수가 정상적으로 표현되었다.,한국-일본식 파스텔 그림책 스타일로 표현되었다.,사람이 프롬프트와 충돌되지 않게 등장한다.,"눈, 코, 귀가 중복되지 않고 자연스럽게 표현되었다.",사실적 렌더링이 혼입되지 않았다.,사람 얼굴이 흐리고 이목구비가 불분명하다.,공원 배경이 잘 표현되었다.,1715,389
20260416_095440_001e5e,1,1.0,1.0,1.0,1.0,1.0,1,1.0,1.0,1.0,1.0,1.0,0,0,1,1.0,1.0,1,16,L4,"""""",L4,0.0245,0.0231,0.1164,0.0761,,0,강아지의 얼굴이 선명하고 왜곡 없이 표현되었습니다.,이미지 내 강아지가 정확히 1마리입니다.,프롬프트의 핵심 장면이 잘 반영되었습니다.,이미지의 팔레트가 눈의 배경과 잘 어울립니다.,거울 효과나 반사 이미지가 없습니다.,다리가 추가 생성되지 않았습니다.,한국-일본식 파스텔 그림책 스타일로 표현되었습니다.,프롬프트와 충돌하지 않는 사람 표현이 있습니다.,얼굴 부위가 중복 생성되지 않았습니다.,사실적 렌더링 요소가 없습니다.,사람의 얼굴이 명확히 식별 가능합니다.,눈 내린 배경이 자연스럽고 적절하게 표현되었습니다.,1714,386
20260416_095507_49e27b,1,1.0,1.0,1.0,1.0,1.0,1,1.0,1.0,1.0,1.0,1.0,1,0,1,1.0,1.0,1,17,L5,"""""",L5,0.0463,0.0135,0.1102,0.0257,,0,강아지의 얼굴이 선명하고 왜곡 없이 표현되어 있다.,이미지 내 강아지가 한 마리만 있다.,"비 오는 날, 나영과 함께라는 프롬프트가 잘 반영되어 있다.",비 오는 날에 어울리는 차분한 팔레트가 사용되었다.,반사나 거울 이미지가 없다.,강아지의 다리 수가 정확히 네 개로 추가 생성되지 않았다.,한국식 파스텔 그림책 스타일로 표현되어 있다.,사람이 프롬프트와 잘 일치하며 나영이 포함되어 있다.,"강아지의 눈, 코, 귀가 중복되지 않고 자연스럽게 표현되어 있다.",사실적 렌더링이 혼입되지 않았다.,사람 얼굴이 식별 가능하게 표현되어 있다.,창문을 통해 비가 오는 상황이 배경으로 잘 표현되어 있다.,1712,405
20260416_095537_996595,1,1.0,1.0,1.0,1.0,1.0,1,1.0,1.0,1.0,1.0,1.0,1,1,1,1.0,1.0,1,18,L5,"""""",L5,0.0235,0.0214,0.108,,,1,강아지 얼굴이 선명하게 잘 표현되어 있다.,이미지 내에 강아지가 정확히 한 마리 있다.,프롬프트의 핵심 장면인 계곡에서 즐기는 모습이 반영되었다.,밝은 팔레트로 낮의 느낌을 잘 전달하고 있다.,거울 효과나 반사가 없다.,다리의 수와 위치가 자연스럽다.,한국-일본식 파스텔 그림책 스타일이 잘 표현되었다.,사람들이 등장하여 프롬프트와 충돌하지 않는다.,"눈, 코, 귀가 중복되지 않고 자연스럽다.",사실적 렌더링이 없이 일러스트 스타일이다.,사람 얼굴이 식별 가능하게 표현되었다.,계곡의 자연적인 배경이 잘 나타나 있다.,1717,387
20260416_095601_54be30,1,1.0,1.0,1.0,1.0,1.0,1,1.0,1.0,,,1.0,1,1,1,1.0,1.0,1,16,L4,"""""",L4,0.0315,0.0097,0.1086,0.017,-0.0263,0,강아지의 얼굴이 선명하게 잘 표현되어 있음.,이미지에 강아지가 한 마리만 있음.,밤 산책 장면이 잘 반영되어 있음.,밤의 이미지에 맞는 어두운 팔레트 사용.,이미지에 반사나 거울 효과가 없음.,다리의 수가 정확하고 부자연스럽지 않음.,한국-일본식 파스텔 그림책 스타일이 분명함.,프롬프트에 사람이 언급되지 않음.,"눈, 코, 귀가 중복 없이 정확히 표현됨.",사실적인 렌더링 없이 그림 스타일 유지.,사람의 얼굴이 이미지에 없음.,배경에 가로등과 나무가 있어 장소가 명확히 드러남.,1712,388
20260416_095626_9e9226,1,1.0,1.0,1.0,1.0,1.0,1,1.0,1.0,,,1.0,1,0,1,1.0,1.0,1,15,L4,"""""",L4,0.0518,-0.0063,0.0337,,,0,강아지 얼굴이 선명하고 잘 표현되어 있음.,이미지 내 강아지가 한 마리임.,로프와 함께 놀고 있는 장면이 반영됨.,밝고 따뜻한 톤으로 낮을 표현.,반사/거울 이미지가 없음.,다리가 추가 생성되지 않았음.,파스텔 그림책 스타일로 표현됨.,사람이 등장하지 않음.,얼굴에 중복된 부분이 없음.,사실적 렌더링 없이 그림으로 표현됨.,사람이 없으므로 해당 없음.,실내라는 배경이 적절히 표현됨.,1715,345
20260416_095654_19fdb9,1,1.0,1.0,1.0,1.0,1.0,1,1.0,1.0,,,1.0,1,1,1,1.0,1.0,1,16,L4,"""""",L4,0.0289,0.0141,0.1041,,,0,강아지의 얼굴이 뚜렷하고 선명하게 표현됨.,이미지 내에 강아지가 정확히 한 마리만 있음.,느긋한 여름날의 풍경이 핵심 요소로 잘 표현됨.,밝고 따뜻한 팔레트가 여름날과 잘 어울림.,반사나 거울 이미지가 없음.,다리가 자연스럽게 표현되어 추가 생성되지 않음.,한국-일본식 파스텔 그림책 스타일로 표현됨.,사람이 명시적으로 프롬프트에 언급되지 않음.,"눈, 코, 귀가 중복 생성되지 않음.",사실적 렌더링 없이 그림책 스타일 유지됨.,사람의 얼굴이 없거나 명확하지 않음.,편안한 공원의 풍경이 잘 반영됨.,1716,404
20260416_095720_cf997e,1,1.0,1.0,1.0,1.0,1.0,1,1.0,1.0,1.0,0.0,1.0,1,0,1,1.0,1.0,1,16,L4,"""""",L4,0.0394,0.0316,0.1248,,,0,강아지 얼굴이 선명하고 이목구비가 뚜렷함.,이미지에는 강아지가 정확히 한 마리 있음.,담요에서 행복한 하루 보낸 강아지가 잘 표현됨.,시간대를 방해하지 않는 자연스러운 팔레트 사용.,반사나 거울 이미지가 없음.,다리가 추가 생성되지 않고 자연스럽게 표현됨.,한국-일본식 파스텔 그림책 스타일이 잘 표현됨.,"사람이 포함되어 있으며, 프롬프트와 충돌하지 않음.","눈, 코, 귀가 중복 생성되지 않음.",사실적 렌더링이 없이 그림체로 표현됨.,사람의 얼굴이 명확하지 않음.,담요 위 배경이 적절히 묘사됨.,1713,387
20260416_095746_b73eea,1,1.0,1.0,1.0,1.0,1.0,1,1.0,1.0,1.0,1.0,1.0,1,0,1,1.0,1.0,1,17,L5,"""""",L5,0.0353,0.0175,0.0929,,,1,강아지의 얼굴이 선명하고 왜곡되지 않았다.,이미지에 강아지가 정확히 1마리 있다.,프롬프트의 핵심 장면인 강아지의 걱정스러운 모습이 반영되었다.,낮의 팔레트와 일치한다.,반사나 거울 이미지가 없다.,다리가 4개로 정상적이다.,한국-일본식 파스텔 그림책 스타일이 잘 반영되었다.,사람의 표현이 프롬프트와 충돌하지 않는다.,"눈, 코, 귀가 중복되지 않고 자연스럽게 표현되었다.",사실적 렌더링이 없고 일러스트 스타일이다.,사람의 얼굴이 명확하게 표현되었다.,실내 배경이 적절하게 표현되었다.,1718,402
20260416_095815_7e1c3a,1,1.0,1.0,1.0,1.0,1.0,1,1.0,1.0,1.0,1.0,1.0,1,1,1,1.0,1.0,1,18,L5,"""""",L5,0.036,0.0217,0.115,0.0221,,0,강아지의 얼굴이 선명하게 표현되었다.,이미지 내에 정확히 1마리의 강아지가 있다.,프롬프트의 핵심 장면이 잘 반영되었다.,시간대에 따른 팔레트의 불일치가 없다.,반사/거울 이미지는 없다.,다리의 개수가 정상적이다.,한국식 파스텔 그림책 스타일이다.,사람의 표현이 프롬프트와 충돌하지 않는다.,"눈, 코, 귀가 중복되지 않았다.",사실적 렌더링이 혼입되지 않았다.,사람의 얼굴이 명확하게 표현되었다.,장소와 배경이 적절히 일치한다.,1711,379
20260416_095839_7adf64,0,,,,,,1,,,,,,1,1,1,,,1,5,L1,"""dog_visible->L0""",L0,-0.0021,0.016,0.0858,0.0397,-0.0218,0,[LLM SKIPPED: dog not visible],[LLM SKIPPED: dog not visible],[LLM SKIPPED: dog not visible],[LLM SKIPPED: dog not visible],[LLM SKIPPED: dog not visible],[LLM SKIPPED: dog not visible],[LLM SKIPPED: dog not visible],[LLM SKIPPED: dog not visible],[LLM SKIPPED: dog not visible],[LLM SKIPPED: dog not visible],[LLM SKIPPED: dog not visible],[LLM SKIPPED: dog not visible],0,0
20260416_103755_8feeb8,1,1.0,1.0,1.0,1.0,1.0,1,1.0,1.0,,1.0,1.0,1,0,1,1.0,1.0,1,16,L4,"""""",L4,0.0361,0.0085,0.1041,,0.0719,0,강아지의 얼굴이 선명하게 잘 표현됨.,이미지 내에 강아지가 하나만 있음.,강아지가 새 집에서 탐색하는 장면이 잘 반영됨.,실내 분위기에 맞는 조명 사용으로 일치함.,반사나 거울 이미지는 보이지 않음.,다리가 추가 생성되지 않고 네 개로 정상적임.,한국-일본식 파스텔 그림책 스타일로 묘사됨.,사람의 모습이 등장하고 있으나 프롬프트에 관련 설정이 없어 평가 불가.,"눈, 코, 귀가 중복되지 않고 정상적으로 표현됨.",사실적 렌더링 없이 파스텔화 스타일 유지.,사람의 얼굴이 선명하게 잘 표현됨.,실내 환경으로 배경이 일치함.,1715,399
20260416_103841_1f8d70,1,1.0,1.0,1.0,1.0,1.0,1,1.0,1.0,,,1.0,1,1,1,1.0,1.0,1,16,L4,"""""",L4,0.0378,0.0136,0.1222,,0.0451,1,강아지 얼굴이 선명하게 그려짐.,이미지에는 강아지가 정확히 한 마리 존재함.,강아지가 공원에서 신나게 표현되어 프롬프트 반영됨.,이미지의 색감이 공원의 낮 분위기와 일치함.,반사 효과나 거울 이미지 없음.,다리 추가 생성 없이 네 개 표현됨.,한국-일본식 파스텔 그림책 스타일로 그려짐.,프롬프트에 사람 언급 없음. 무시.,얼굴에 중복된 부분 없음.,사실적 렌더링 혼입 없음.,프롬프트와 무관하므로 평가 무시.,배경이 공원이라는 설정과 잘 맞음.,1714,369
20260416_103909_5fee36,1,1.0,1.0,1.0,1.0,1.0,1,1.0,1.0,0.0,1.0,0.0,1,1,1,0.0,0.0,1,14,L4,"""prompt_reflected->L3""",L3,0.037,0.0113,0.1408,0.0221,,0,강아지 얼굴이 왜곡 없이 선명하게 표현됨.,강아지가 정확히 한 마리 등장함.,눈밭의 장면이 반영되지 않음.,낮의 밝은 팔레트와 일치하지 않음.,반사나 거울 이미지가 없음.,다리는 자연스럽게 네 개로 표현됨.,파스텔 그림책 스타일로 잘 표현됨.,사람이 등장하지만 필요가 없음.,"눈, 코, 귀가 중복 없이 정상적으로 하나씩 표현됨.",사실적 렌더링이 전혀 없음.,사람 얼굴이 명확하게 표현됨.,눈밭 배경이 나타나지 않음.,1712,360
20260416_103934_44e77c,1,1.0,1.0,1.0,1.0,1.0,1,1.0,1.0,0.0,,0.0,1,1,1,1.0,0.0,1,14,L4,"""prompt_reflected->L3""",L3,0.051,0.0204,0.0895,-0.0093,,1,강아지 얼굴이 선명하게 표현되어 있음.,이미지 내 강아지가 한 마리임.,프롬프트에 병원과 간식 요소가 나타나지 않음.,날씨 및 배경 색감이 일치함.,반사 이미지가 없음.,다리 수가 적절하게 표현됨.,파스텔 그림책 스타일이 잘 나타남.,프롬프트에 사람이 없으나 이미지에 사람이 부분적으로 표현됨.,"눈, 코, 귀가 중복되지 않고 정확히 표현됨.",사실적 렌더링 없이 일러스트 형식 유지.,사람 얼굴이 나타나지 않음.,프롬프트의 병원과 간식 배경이 없음.,1714,379
20260416_103959_4a15fe,1,1.0,1.0,1.0,1.0,0.0,1,1.0,1.0,1.0,1.0,1.0,1,0,1,1.0,1.0,1,16,L4,"""""",L4,0.0368,0.0095,0.1119,0.0158,,0,강아지 얼굴이 명확하고 잘 표현되었습니다.,이미지 내에 강아지가 정확히 한 마리 있습니다.,프롬프트의 핵심 장면인 예쁘게 변한 모습을 잘 반영했습니다.,팔레트가 시간이 적절하게 반영되었습니다.,이미지에 반사(거울)가 존재합니다.,다리가 추가 생성되지 않았습니다.,한국-일본식 파스텔 그림책 느낌이 잘 표현되었습니다.,사람이 프롬프트와 일관되고 자연스럽게 표현되었습니다.,"눈, 코, 귀의 중복 생성이 없습니다.",사실적 렌더링이 혼입되지 않았습니다.,사람의 얼굴이 명확하게 식별 가능합니다.,장소 배경이 충분히 구체적이고 적절히 표현되었습니다.,1715,384
20260416_104025_ef714c,1,1.0,1.0,1.0,0.0,1.0,1,1.0,1.0,,,1.0,1,0,1,1.0,1.0,1,14,L4,"""one_dog->L1""",L1,0.0434,0.0199,0.126,,,0,강아지 얼굴이 선명하고 이목구비가 명확히 드러나 있다.,이미지에 강아지가 두 마리 있다.,강아지가 사료를 먹는 장면이 잘 반영되어 있다.,시간대 관련 팔레트 요건 없음.,반사나 거울 이미지가 없다.,강아지의 다리 수가 자연스럽다.,한국-일본식 파스텔 그림책 스타일이 잘 표현되어 있다.,프롬프트에 사람에 대한 언급이 없으므로 해당 없음.,"눈, 코, 귀가 중복되지 않고 자연스럽다.",사실적 렌더링 없이 일러스트 스타일이 유지된다.,사람 얼굴은 해당 항목에 포함되지 않음.,내부 배경이 자연스럽다.,1711,392
20260416_104101_725b25,1,1.0,1.0,1.0,1.0,1.0,1,1.0,1.0,1.0,1.0,1.0,1,0,1,1.0,1.0,1,17,L5,"""""",L5,0.0393,0.0166,0.11,0.0346,,0,강아지 얼굴이 선명하게 잘 표현됨.,강아지가 정확히 한 마리만 있음.,프롬프트의 핵심 요소인 편안한 잠자는 모습이 잘 반영됨.,저녁 분위기의 어두운 팔레트가 일치함.,반사나 거울 이미지가 없음.,다리 수가 정확히 표현됨.,한국식 파스텔 그림의 스타일을 유지함.,프롬프트와 일치하여 사람 표현이 자연스러움.,중복된 얼굴 부위가 없음.,사실적 렌더링 없이 일러스트 스타일을 유지함.,사람의 얼굴이 식별 가능하게 잘 표현됨.,소파와 램프가 있는 실내 환경이 잘 표현됨.,1715,387
20260416_104130_a17a93,1,1.0,1.0,1.0,1.0,1.0,1,1.0,1.0,1.0,1.0,1.0,1,1,1,1.0,1.0,1,18,L5,"""""",L5,0.0396,0.0252,0.1016,,,0,강아지 얼굴이 선명하게 표현되었다.,이미지에는 강아지가 정확히 한 마리 나타났다.,운동장에서 노는 장면이 잘 반영되었다.,낮 시간에 맞는 밝은 팔레트가 사용되었다.,반사나 거울 이미지는 보이지 않는다.,다리가 자연스럽게 표현되었다.,한국-일본식 파스텔 그림책 스타일이다.,사람이 프롬프트와 충돌 없이 표현되었다.,"눈, 코, 귀가 중복 생성되지 않았다.",사실적 렌더링이 혼입되지 않았다.,사람 얼굴도 선명하고 이목구비가 잘 보인다.,운동장 배경이 적절하게 표현되었다.,1714,386
20260416_104156_dd767c,1,1.0,1.0,1.0,1.0,1.0,1,1.0,1.0,,,1.0,0,0,1,1.0,1.0,1,14,L4,"""""",L4,0.0311,0.0215,0.0982,0.0385,-0.0227,0,강아지 얼굴이 선명하게 표현되어 있다.,이미지 내 강아지는 정확히 한 마리이다.,산책 중 자전거가 나타난 상황이 묘사되어 있다.,낮의 분위기에 맞는 팔레트가 사용되었다.,반사 또는 거울 이미지는 없다.,다리 수가 자연스럽고 추가 생성되지 않았다.,한국-일본식 파스텔 그림 느낌이다.,사람 표현과 관련된 프롬프트가 없다.,"눈, 코, 귀가 중복 생성되지 않았다.",사실적 렌더링이 혼입되지 않았다.,사람이 명백히 나타나지 않는다.,산책하는 배경이 적절히 표현되어 있다.,1715,378
20260416_104223_48d74c,1,1.0,1.0,1.0,1.0,1.0,1,1.0,1.0,1.0,0.0,1.0,1,0,1,1.0,1.0,1,16,L4,"""""",L4,0.0436,0.014,0.101,,,0,강아지 얼굴이 선명하게 잘 표현되었다.,강아지가 한 마리만 존재한다.,프롬프트의 핵심 요소가 잘 반영되었다.,이미지의 색상 팔레트가 낮/저녁의 분위기를 잘 반영한다.,반사 이미지가 없다.,다리 수가 정확하다.,한국-일본식 파스텔 그림책 스타일을 잘 반영하고 있다.,사람의 표현이 프롬프트 내용과 일치한다.,중복된 얼굴 부위가 없다.,사실적 렌더링이 없다.,사람의 얼굴이 충분히 명확하지 않다.,배경이 실내라는 장소를 잘 묘사하고 있다.,1714,380
20260416_104255_91c25e,1,1.0,1.0,1.0,0.0,1.0,1,1.0,1.0,1.0,1.0,1.0,1,1,1,1.0,1.0,1,17,L5,"""one_dog->L1""",L1,0.0388,0.0118,0.0903,,,0,강아지 얼굴이 선명하게 표현되어 있음.,이미지에 강아지가 두 마리 있음.,프롬프트의 핵심 요소가 반영됨.,이미지 팔레트가 자연광으로 표현됨.,반사/거울 이미지가 없음.,다리 수가 적절하게 표현됨.,한국-일본식 파스텔 그림책 스타일로 표현됨.,프롬프트와 사람 표현이 일치함.,"눈, 코, 귀가 중복되지 않음.",사실적 렌더링이 혼입되지 않음.,사람 얼굴이 식별 가능함.,실내 배경이 적절히 묘사됨.,1710,370
20260416_104322_21e269,0,,,,,,1,,,,,,1,0,1,,,1,4,L1,"""dog_visible->L0""",L0,0.015,0.0032,0.0972,0.0666,-0.0067,0,[LLM SKIPPED: dog not visible],[LLM SKIPPED: dog not visible],[LLM SKIPPED: dog not visible],[LLM SKIPPED: dog not visible],[LLM SKIPPED: dog not visible],[LLM SKIPPED: dog not visible],[LLM SKIPPED: dog not visible],[LLM SKIPPED: dog not visible],[LLM SKIPPED: dog not visible],[LLM SKIPPED: dog not visible],[LLM SKIPPED: dog not visible],[LLM SKIPPED: dog not visible],0,0
20260416_104349_9fac9e,1,1.0,1.0,1.0,1.0,1.0,1,1.0,1.0,1.0,1.0,1.0,0,0,1,1.0,1.0,1,16,L4,"""""",L4,0.0378,0.0239,0.1082,,,0,강아지 얼굴이 선명하게 잘 표현되어 있다.,이미지에 강아지가 정확히 한 마리 있다.,프롬프트의 핵심 요소가 잘 반영되어 있다.,낮이라는 프롬프트와 어울리게 밝은 팔레트가 사용되었다.,반사나 거울 이미지가 없다.,다리가 추가 생성되지 않고 자연스럽다.,한국-일본식 파스텔 그림책 스타일이 잘 나타나 있다.,사람의 모습이 프롬프트와 충돌하지 않고 일치한다.,"눈, 코, 귀가 중복되지 않고 자연스럽게 표현되어 있다.",사실적 렌더링이 혼입되지 않았다.,사람의 얼굴이 식별 가능하게 명확히 표현되어 있다.,수영을 할 수 있는 장소와 배경이 적절히 표현되어 있다.,1712,409
20260416_104416_697530,1,0.0,1.0,1.0,1.0,1.0,1,1.0,1.0,1.0,1.0,1.0,1,1,1,1.0,1.0,1,17,L5,"""face_clear->L2""",L2,0.0275,0.016,0.0995,,,0,강아지의 얼굴이 뭉개져 눈코입이 명확하게 식별되지 않는다.,이미지에 강아지가 정확히 한 마리 있다.,프롬프트의 핵심 장면과 요소가 이미지에 잘 반영되었다.,밤의 분위기를 잘 반영한 팔레트가 사용되었다.,반사/거울 이미지가 없다.,강아지 다리가 추가 생성되지 않고 정상적으로 표현되어 있다.,한국-일본식 파스텔 그림책 스타일로 표현되었다.,프롬프트에 사람 표현이 있으며 이미지와 일치한다.,"눈, 코, 귀가 중복 생성되지 않고 자연스럽게 표현되었다.",사실적 렌더링 없이 일러스트 스타일이다.,사람 얼굴이 식별 가능하게 표현되었다.,프롬프트의 장소와 분위기가 이미지의 배경과 잘 일치한다.,1716,455
20260416_104445_c06482,1,1.0,1.0,1.0,1.0,1.0,1,1.0,1.0,1.0,1.0,1.0,1,1,1,1.0,1.0,1,18,L5,"""""",L5,0.0347,0.0029,0.1135,,,0,강아지 얼굴이 선명하게 표현됨.,강아지가 한 마리만 있음.,프롬프트의 장면이 잘 반영됨.,저녁 시간대가 맞는 어두운 팔레트 사용.,반사/거울 이미지가 없음.,다리 수가 정확히 표현됨.,한국식 파스텔 그림책 스타일이 잘 드러남.,사람들이 등장하며 프롬프트와 일치함.,"눈, 코, 귀가 중복 생성되지 않음.",사실적 렌더링이 혼입되지 않음.,사람 얼굴이 식별 가능하게 표현됨.,실내 배경과 소품이 정확히 일치함.,1717,374
20260416_104514_4017a8,1,1.0,1.0,1.0,1.0,1.0,1,1.0,1.0,1.0,1.0,1.0,1,1,1,1.0,1.0,1,18,L5,"""""",L5,0.0513,0.0184,0.097,,,0,강아지의 얼굴은 선명하게 표현되었으며 왜곡이나 뭉개짐이 없다.,이미지 내 강아지가 한 마리만 있다.,강아지의 빗질 시간이라는 핵심 장면이 잘 반영되었다.,팔레트가 자연스러우며 시간대와 일치한다.,반사나 거울 이미지가 없다.,다리의 개수가 자연스럽고 추가 생성되지 않았다.,한국-일본식 파스텔 그림책 스타일로 잘 표현되었다.,사람의 존재가 프롬프트와 일치하며 강아지 빗질 상황을 반영한다.,"눈, 코, 귀의 중복 생성이 없다.",사실적 렌더링 없이 부드러운 일러스트 스타일이다.,사람의 얼굴이 선명하게 표현되었다.,실내 배경이 있으며 강아지와 잘 어울린다.,1718,421
20260416_104539_93b839,1,1.0,1.0,1.0,1.0,1.0,1,1.0,1.0,,,1.0,1,0,1,1.0,1.0,1,15,L4,"""""",L4,0.0345,0.0193,0.082,-0.0326,,1,강아지의 얼굴이 선명하고 이목구비에 왜곡이 없습니다.,이미지에 강아지가 정확히 한 마리 있습니다.,프롬프트의 핵심 장면이 잘 반영되었습니다.,이미지의 밝은 팔레트가 낮을 잘 나타냅니다.,반사 또는 거울 이미지는 존재하지 않습니다.,"다리가 추가 생성되지 않았고, 위치가 자연스럽습니다.",파스텔 그림책 스타일이 잘 구현되어 있습니다.,프롬프트에 사람이 언급되지 않음.,"눈, 코, 귀가 중복 생성되지 않았습니다.",사실적 렌더링이 아닌 일러스트 스타일입니다.,사람의 얼굴은 주요 요소가 아님.,배경과 장소가 자연스러운 정원을 잘 표현합니다.,1713,380
20260416_104607_26d4b5,1,1.0,1.0,1.0,1.0,1.0,1,1.0,1.0,1.0,1.0,1.0,1,0,1,1.0,1.0,1,17,L5,"""""",L5,0.044,0.0266,0.0933,,,0,강아지 얼굴이 선명하고 왜곡 없이 표현됨.,이미지에 강아지가 정확히 1마리만 있음.,프롬프트의 '입양 3주년' 분위기 잘 전달됨.,실내 분위기에 맞는 적절한 색조 사용됨.,반사/거울 이미지가 없음.,다리가 추가 생성되지 않음.,한국-일본식 파스텔 그림책 스타일로 그려짐.,사람이 프롬프트와 일치하게 표현됨.,"눈, 코, 귀가 중복되지 않음.",사실적 렌더링이 혼입되지 않음.,사람 얼굴이 선명하게 표현됨.,실내 배경이 잘 표현됨.,1715,371
20260416_104632_3ff383,1,1.0,1.0,1.0,0.0,1.0,1,1.0,1.0,1.0,1.0,1.0,1,1,1,1.0,1.0,1,17,L5,"""one_dog->L1""",L1,0.0332,0.0162,0.0779,0.0494,,1,강아지 얼굴이 선명하게 표현되어 있다.,강아지가 두 마리 있다.,프롬프트의 내용이 이미지에 잘 반영되었다.,낮 시간대에 맞는 밝은 팔레트가 사용되었다.,반사 또는 거울 이미지가 없다.,다리 개수가 정상적으로 표현되어 있다.,한국-일본식 파스텔 그림체로 표현되었다.,사람이 배경에 있으며 프롬프트와 충돌하지 않는다.,"눈, 코, 귀가 중복되지 않고 정상적으로 표현되어 있다.",사실적 렌더링이 혼입되지 않았다.,사람 얼굴이 식별 가능하게 표현되어 있다.,배경이 적절히 표현되어 있다.,1713,382
20260416_104700_05c5ac,1,1.0,1.0,1.0,1.0,1.0,1,1.0,1.0,1.0,1.0,1.0,1,1,1,1.0,1.0,1,18,L5,"""""",L5,0.0423,0.0131,0.1279,-0.0009,,0,강아지 얼굴이 선명하고 왜곡 없이 표현됨.,이미지 내 강아지가 정확히 1마리임.,프롬프트의 핵심 요소가 잘 반영됨.,낮잠을 잘 표현하는 밝은 팔레트가 사용됨.,반사나 거울 이미지가 없음.,다리가 자연스럽고 추가 생성되지 않음.,한국-일본식 파스텔 그림책 스타일로 표현됨.,사람 표현이 프롬프트와 일치함.,"눈, 코, 귀가 중복 생성되지 않음.",사실적 렌더링 요소가 없음.,사람 얼굴이 식별 가능하게 표현됨.,소파에서 낮잠 자는 장면이 잘 표현됨.,1718,372
20260420_103527_8d6995,1,1.0,1.0,1.0,1.0,1.0,1,1.0,1.0,1.0,1.0,1.0,1,1,1,1.0,1.0,1,18,L5,"""""",L5,0.0373,0.0044,0.0274,0.048,,0,강아지 얼굴이 선명하고 명료하게 표현됨.,이미지 내 강아지가 정확히 1마리임.,공놀이와 관련 있는 강아지가 잘 표현됨.,팔레트가 낮의 시간대와 일치함.,반사/거울 이미지가 없음.,다리의 수가 정상적임.,한국-일본식 파스텔 그림책 스타일로 표현됨.,사람 표현이 프롬프트와 충돌하지 않음.,"눈, 코, 귀가 정상적으로 표현됨.",사실적 렌더링 없이 일러스트 스타일임.,사람 얼굴이 명확하게 식별 가능함.,실내 배경이 명확히 표현되고 있음.,1712,368
20260420_103616_723aa8,1,1.0,1.0,1.0,1.0,1.0,1,1.0,1.0,1.0,1.0,1.0,1,1,1,1.0,1.0,1,18,L5,"""""",L5,0.0434,0.0074,0.0695,,,1,강아지 얼굴이 선명하고 왜곡 없이 표현됨.,이미지에는 강아지가 한 마리만 있음.,강아지가 계단을 오르는 핵심 장면이 잘 반영됨.,낮의 분위기에 맞는 밝은 팔레트 사용.,반사나 거울 이미지가 없음.,강아지의 다리 수가 자연스럽고 추가되지 않음.,한국식 파스텔 그림책 스타일로 표현됨.,사람의 표현이 프롬프트와 충돌하지 않음.,"눈, 코, 귀가 중복 없이 자연스러움.",사실적 렌더링 없이 파스텔풍으로 표현됨.,사람 얼굴이 식별 가능하게 표현됨.,실내 계단과 사람의 위치 등 배경이 정확히 표현됨.,1718,397
20260420_103642_9bdf3b,1,1.0,1.0,1.0,1.0,1.0,1,1.0,1.0,1.0,1.0,1.0,1,1,1,1.0,1.0,1,18,L5,"""""",L5,0.0232,0.016,0.0994,0.0678,-0.0026,0,강아지 얼굴이 명확하게 표현되어 있다.,이미지 내에 강아지가 1마리만 존재한다.,'새벽 산책'이라는 프롬프트가 잘 반영되어 있다.,새벽의 느낌에 맞게 팔레트가 부드럽다.,반사나 거울 이미지가 없다.,다리도 정확히 4개로 표현되어 있다.,파스텔 그림책 스타일이 잘 나타나 있다.,사람이 프롬프트와 일치하게 표현되어 있다.,"눈, 코, 귀의 중복 생성이 없다.",사실적 렌더링이 혼합되지 않았다.,사람의 얼굴이 명확하게 식별 가능하다.,배경이 산책할 수 있는 강가를 잘 나타내고 있다.,1713,392
20260420_103711_1c4594,1,1.0,1.0,1.0,1.0,1.0,1,1.0,1.0,1.0,1.0,1.0,1,0,1,1.0,1.0,1,17,L5,"""""",L5,0.0277,0.0238,0.1089,,,0,강아지 얼굴이 선명하며 왜곡이 없다.,이미지 내 강아지가 정확히 한 마리 있다.,프롬프트의 핵심 요소인 '아이들과 행복한 하루'가 반영되었다.,낮의 따스한 색조가 적절히 사용되었다.,반사 또는 거울 이미지가 없다.,강아지의 다리가 추가로 생성되지 않았다.,한국-일본식 파스텔 그림책 스타일로 표현되었다.,아이들이 등장하여 프롬프트와 일치한다.,"눈, 코, 귀가 중복 생성되지 않았다.",사실적 렌더링이 혼입되지 않았다.,아이들의 얼굴이 흐리거나 불분명하지 않다.,기차 내부 배경이 잘 구현되었다.,1709,429
20260420_103738_3aa267,1,1.0,1.0,1.0,1.0,1.0,1,1.0,1.0,1.0,1.0,1.0,1,0,1,1.0,1.0,1,17,L5,"""""",L5,0.0388,0.007,0.05,,,0,강아지 얼굴이 선명하게 보입니다.,이미지에 강아지가 한 마리만 있습니다.,프롬프트의 핵심 요소가 잘 반영되었습니다.,배경의 색조가 낮에 적합합니다.,반사나 거울 이미지는 없습니다.,강아지의 다리 개수가 자연스럽습니다.,파스텔 스타일로 표현되었습니다.,사람 표현이 프롬프트와 일치합니다.,얼굴의 부위가 중복되지 않았습니다.,사실적 렌더링이 혼합되지 않았습니다.,사람 얼굴이 명확하게 표현되었습니다.,화장실 배경이 잘 표현되어 있습니다.,1712,366
20260420_103805_d9a96c,1,1.0,1.0,1.0,0.0,1.0,1,1.0,1.0,1.0,0.0,1.0,1,1,1,,1.0,1,15,L4,"""one_dog->L1""",L1,0.0353,0.0159,0.0905,0.0143,,2,강아지 얼굴이 선명하게 표현되어 있음.,이미지에 여러 마리의 강아지가 있음.,‘새로운 친구 만난 날’의 컨셉이 잘 반영됨.,프롬프트에 시간 관련 정보가 없음.,거울이나 반사 이미지 없음.,다리 개수나 위치에 이상 없음.,파스텔 그림책 스타일을 따르고 있음.,사람의 표현이 프롬프트와 충돌하지 않음.,"눈, 코, 귀의 중복 생성이 없음.",사실적 렌더링 없이 그림으로 표현됨.,사람 얼굴이 흐리게 표현됨.,배경이 실내 환경과 일치함.,1710,371
20260420_103838_c3f61b,0,,,,,,1,,,,,,1,1,1,,,1,5,L1,"""dog_visible->L0""",L0,0.0188,0.0115,0.0953,0.0442,-0.0212,0,[LLM SKIPPED: dog not visible],[LLM SKIPPED: dog not visible],[LLM SKIPPED: dog not visible],[LLM SKIPPED: dog not visible],[LLM SKIPPED: dog not visible],[LLM SKIPPED: dog not visible],[LLM SKIPPED: dog not visible],[LLM SKIPPED: dog not visible],[LLM SKIPPED: dog not visible],[LLM SKIPPED: dog not visible],[LLM SKIPPED: dog not visible],[LLM SKIPPED: dog not visible],0,0
20260420_103907_09ec0e,1,1.0,1.0,1.0,1.0,1.0,1,1.0,1.0,1.0,0.0,1.0,0,0,1,1.0,1.0,1,15,L4,"""""",L4,0.0228,0.011,0.1174,0.0662,,0,강아지의 얼굴이 선명하게 표현되어 있다.,이미지 내에 강아지가 정확히 한 마리 있다.,강아지가 눈을 보고 있는 장면이 프롬프트와 잘 반영되었다.,프롬프트와 일치하는 겨울의 색감 팔레트가 사용되었다.,반사/거울 이미지가 없다.,다리 개수가 정확하며 자연스럽게 표현되었다.,한국-일본식 파스텔 그림책 스타일로 표현되었다.,사람이 프롬프트와 충돌하지 않는다.,"눈, 코, 귀가 중복되지 않았다.",사실적 렌더링이 혼입되지 않았다.,사람의 얼굴이 흐릿하게 표현되어 이목구비가 불분명하다.,배경에 눈이 있는 것이 자연스럽다.,1715,403
20260420_103956_9c6f4d,1,1.0,1.0,1.0,1.0,1.0,1,1.0,1.0,1.0,1.0,1.0,1,1,1,1.0,1.0,1,18,L5,"""""",L5,0.0451,-0.0017,0.0985,0.0451,-0.0145,1,강아지의 얼굴이 선명하게 표현되어 있다.,이미지 내에 강아지가 정확히 한 마리 있다.,프롬프트의 핵심 장면이 반영되어 있다.,낮의 밝은 팔레트가 선명하게 표현되었다.,반사/거울 이미지는 보이지 않는다.,다리의 수가 자연스럽고 추가 생성되지 않았다.,한국식 파스텔 그림책 스타일이다.,사람이 프롬프트와 충돌하지 않고 자연스럽게 표현되었다.,"눈, 코, 귀의 중복 생성 없이 자연스럽다.",사실적 렌더링 없이 일러스트로 표현되었다.,사람의 얼굴이 식별 가능하게 표현되었다.,자연 배경이 프롬프트의 장소와 일치한다.,1713,387
20260420_104023_e80eb2,1,1.0,1.0,1.0,1.0,1.0,1,1.0,1.0,1.0,1.0,1.0,1,0,1,1.0,1.0,1,17,L5,"""""",L5,0.0436,-0.0069,0.0413,,,1,"강아지 얼굴의 눈, 코, 입이 선명하게 표현됨.",이미지 내에 강아지가 정확히 한 마리만 존재함.,강아지와 삑삑이가 포함되어 프롬프트가 반영됨.,이미지의 팔레트가 낮의 분위기와 일치함.,반사 또는 거울 이미지가 없음.,다리의 개수와 위치가 자연스러움.,한국-일본식 파스텔 그림책 스타일로 표현됨.,사람이 등장하여 프롬프트와 충돌하지 않음.,"눈, 코, 귀가 중복되어 생성되지 않음.",사실적 렌더링이 보이지 않음.,사람의 얼굴이 식별 가능하게 표현됨.,방 안 배경이 잘 표현됨.,1713,435
20260420_104049_3d8f38,1,1.0,1.0,1.0,1.0,1.0,1,1.0,1.0,,,0.0,1,0,1,1.0,0.0,1,13,L3,"""prompt_reflected->L3""",L3,0.065,0.0102,0.0574,0.059,,1,강아지의 얼굴이 선명하고 왜곡 없이 잘 표현됨.,이미지에 강아지가 정확히 1마리 나타남.,프롬프트인 생일 케이크가 핵심적으로 반영되지 않음.,이미지의 팔레트가 낮 시간대와 어울림.,반사된 이미지나 거울 이미지가 존재하지 않음.,강아지의 다리 수가 자연스럽고 추가적으로 생성되지 않음.,한국-일본식 파스텔 그림책 스타일로 표현됨.,사람이 등장하나 프롬프트와 관련 없음 판단 불가.,"눈, 코, 귀가 중복 생성되지 않음.",사실적인 렌더링 요소가 없음.,"사람이 정확히 인식되지 않으며, 얼굴이 흐릿함.","프롬프트의 장소와 배경이 일치하지 않음, 케이크 없음.",1713,407
20260420_104115_1b77be,1,1.0,1.0,1.0,1.0,1.0,1,1.0,1.0,1.0,1.0,1.0,1,1,1,1.0,1.0,1,18,L5,"""""",L5,0.0259,0.0121,0.1202,-0.0037,,0,강아지 얼굴이 부드럽고 선명하게 표현됨.,강아지가 정확히 한 마리 있음.,강아지가 할머니 무릎에서 잠든 장면이 잘 반영됨.,따뜻한 색조로 낮과 어울리는 팔레트 사용됨.,반사나 거울 이미지가 없음.,다리가 추가로 생성되지 않았음.,한국-일본식 파스텔 그림책 스타일이 적절함.,사람의 표현이 프롬프트와 충돌하지 않음.,"눈, 코, 귀가 중복되지 않음.",사실적인 렌더링 없이 부드럽게 표현됨.,사람 얼굴이 선명하게 표현됨.,배경이 실내 장면에 맞게 적절히 그려짐.,1717,394
20260420_104143_6a9d5e,1,1.0,1.0,1.0,1.0,1.0,1,1.0,1.0,0.0,1.0,0.0,1,1,1,1.0,1.0,1,16,L4,"""prompt_reflected->L3""",L3,0.031,0.0134,0.0954,0.0207,,0,강아지 얼굴이 뚜렷하고 자연스럽게 그려져 있다.,이미지 내 강아지가 정확히 한 마리 있다.,프롬프트에서 언급한 비옷이나 비와 관련된 요소가 없다.,저녁 분위기의 팔레트가 잘 사용되었다.,반사나 거울 이미지가 보이지 않는다.,다리의 개수가 자연스럽게 잘 표현되어 있다.,한국-일본식 파스텔 그림책 스타일로 잘 표현되어 있다.,프롬프트에 인간의 언급이 없지만 이미지에 사람이 포함되어 있다.,"눈, 코, 귀가 중복 없이 정확하게 그려져 있다.",사실적 렌더링 없이 일러스트 스타일을 유지하고 있다.,사람의 얼굴이 명확하고 식별 가능하게 표현되었다.,실내 풍경이 자연스럽게 표현되어 있다.,1714,414
20260420_104212_1d4bf0,1,1.0,1.0,1.0,1.0,1.0,1,1.0,1.0,1.0,1.0,1.0,1,0,1,1.0,1.0,1,17,L5,"""""",L5,0.0386,0.0052,0.0846,,,0,강아지의 얼굴이 선명하게 잘 표현되었다.,이미지에 강아지가 정확히 한 마리만 존재한다.,텃밭에서의 탐험 장면이 잘 반영되었다.,낮의 분위기에 맞는 밝은 팔레트이다.,반사나 거울 이미지는 없다.,다리가 추가 생성되지 않고 정확한 개수가 표현되었다.,파스텔 그림책 스타일로 잘 표현되었다.,사람이 프롬프트와 일치하게 표현되어 있다.,"눈, 코, 귀가 중복 생성되지 않았다.",사실적 렌더링이 없이 삽화 스타일이다.,사람의 얼굴이 인식 가능하게 표현되었다.,텃밭 배경이 프롬프트와 일치한다.,1713,394
20260420_104239_43f6af,1,1.0,1.0,1.0,1.0,1.0,1,1.0,1.0,1.0,0.0,1.0,1,0,1,1.0,1.0,1,16,L4,"""""",L4,0.0407,-0.0016,0.038,,0.0681,1,강아지 얼굴이 선명하고 왜곡 없이 그려졌다.,이미지 내에 강아지가 정확히 한 마리 있다.,프롬프트의 핵심 요소인 바다에서 노는 장면이 반영되었다.,팔레트가 낮의 분위기와 일치한다.,반사나 거울 이미지가 없다.,다리가 추가로 생성되지 않고 자연스럽다.,한국-일본식 파스텔 그림책 스타일로 그려졌다.,"사람이 등장하지만, 프롬프트와 충돌하지 않는다.","눈, 코, 귀가 중복 생성되지 않았다.",사실적 렌더링이 혼입되지 않았다.,사람의 얼굴이 흐리게 표현되어 이목구비가 불분명하다.,"배경이 해변으로 설정되어 있으며, 적절한 소품도 있다.",1711,407
20260420_104303_a777b2,1,1.0,1.0,1.0,1.0,1.0,1,1.0,1.0,1.0,1.0,1.0,1,1,1,1.0,1.0,1,18,L5,"""""",L5,0.0357,0.0056,0.0905,0.049,,0,강아지의 얼굴이 왜곡 없이 선명하게 표현되었다.,이미지 내 강아지는 정확히 한 마리이다.,피아노 소리와 꿈나라로 가는 느낌이 잘 반영되었다.,저녁 시간대의 따뜻한 팔레트와 잘 어울린다.,반사나 거울 이미지가 없다.,다리가 추가 생성되지 않았다.,한국-일본식 파스텔 그림책 스타일로 표현되었다.,사람 표현이 프롬프트와 충돌하지 않는다.,"눈, 코, 귀가 중복되지 않았다.",사실적 렌더링이 포함되지 않았다.,사람 얼굴이 식별 가능하게 표현되었다.,배경이 침실로 적절하게 표현되었다.,1714,388
20260420_104328_dff97c,1,1.0,1.0,1.0,1.0,1.0,1,1.0,1.0,1.0,1.0,1.0,1,0,1,1.0,1.0,0,16,L4,"""no_text->L3""",L3,0.0503,0.0188,0.0662,0.0206,,1,강아지 얼굴이 선명하게 표현되었습니다.,이미지 내에 강아지가 한 마리입니다.,프롬프트의 핵심 장면과 요소가 반영되었습니다.,이미지 팔레트가 적절한 낮의 분위기를 나타냅니다.,반사/거울 이미지가 없습니다.,다리 개수가 정상적입니다.,한국-일본식 파스텔 그림책 스타일입니다.,사람 표현이 프롬프트와 충돌하지 않습니다.,"눈, 코, 귀가 중복되지 않았습니다.",사실적 렌더링이 없습니다.,사람 얼굴이 식별 가능하게 표현되었습니다.,프롬프트의 장소와 배경이 적절히 일치합니다.,1713,415
20260420_104355_76d480,1,1.0,1.0,1.0,1.0,1.0,1,1.0,1.0,1.0,1.0,1.0,1,1,1,1.0,1.0,1,18,L5,"""""",L5,0.036,0.0195,0.1257,,,0,강아지의 얼굴이 선명하고 이목구비가 명확하다.,이미지에 강아지가 정확히 1마리 존재한다.,프롬프트의 장면에서 아이들이 잔디밭에서 강아지와 노는 모습이 잘 반영되었다.,낮 시간대에 맞는 밝은 색 조합을 사용하고 있다.,반사나 거울 이미지가 없다.,강아지의 다리 수가 정상적이고 위치가 자연스럽다.,한국식 파스텔 그림책 스타일로 표현되었다.,프롬프트에 명시된 아이들이 함께 표현되었다.,"눈, 코, 귀가 중복되거나 어색하지 않다.",사실적이거나 사진 같은 렌더링이 없다.,아이들의 얼굴이 흐리거나 불분명하지 않다.,배경이 잔디밭으로 설정되어 프롬프트와 일치한다.,1715,426
20260420_104427_c30172,1,1.0,1.0,1.0,1.0,1.0,1,1.0,1.0,1.0,1.0,1.0,1,0,1,1.0,1.0,1,17,L5,"""""",L5,0.0339,0.0088,0.0802,,0.026,0,강아지 얼굴이 선명하고 이목구비가 뚜렷하게 표현되어 있다.,이미지에 강아지가 하나만 존재한다.,프롬프트의 가을 숲길 탐험 장면이 잘 반영되어 있다.,가을색 팔레트가 사용되어 시간대와 잘 맞는다.,반사나 거울 이미지가 없다.,강아지의 다리가 네 개로 정상적으로 그려져 있다.,한국식 파스텔 그림책 스타일로 표현되어 있다.,"사람이 배경에 나타나며, 프롬프트와 충돌하지 않다.","눈, 코, 귀가 중복 생성되지 않고 정상적인 위치에 있다.",사실적 렌더링 없이 일러스트 스타일로 그려져 있다.,사람의 얼굴이 식별 가능하게 그려져 있다.,배경에 가을 숲길이 잘 표현되어 있다.,1715,421
20260420_104458_5f3c9e,1,1.0,1.0,1.0,1.0,1.0,1,1.0,1.0,1.0,1.0,1.0,1,1,1,1.0,1.0,1,18,L5,"""""",L5,0.0357,0.0102,0.0931,0.0484,-0.0083,0,강아지 얼굴이 선명하고 이목구비가 명확하게 표현됨.,이미지 내 강아지는 정확히 한 마리임.,'밤 산책'이라는 프롬프트가 제대로 반영됨.,밤의 느낌을 주는 색상 팔레트가 적절히 사용됨.,반사나 거울 이미지가 없음.,강아지의 다리가 네 개인 것이 자연스럽게 표현됨.,한국식 파스텔 그림책 스타일이 잘 유지됨.,사람의 존재가 프롬프트와 충돌하지 않음.,"강아지의 눈, 코, 귀가 중복 없이 정상적으로 표현됨.",사실적 렌더링 요소 없이 일러스트 스타일이 잘 반영됨.,사람 얼굴이 명확하게 식별 가능함.,배경의 밤 분위기와 장소 표현이 잘 일치함.,1712,447
20260420_110705_a024eb,1,1.0,1.0,1.0,1.0,1.0,1,1.0,1.0,1.0,1.0,1.0,1,1,1,1.0,1.0,1,18,L5,"""""",L5,0.0376,0.0275,0.1129,,,0,강아지의 얼굴이 명확하고 선명하게 그려졌다.,이미지 속 강아지가 한 마리뿐이다.,식빵과 장난감 빵의 교환 상황이 잘 그려져 있다.,낮 시간대에 적합한 밝은 팔레트가 사용되었다.,반사나 거울 이미지는 없다.,다리 수와 위치가 자연스럽다.,한국-일본식 파스텔 그림책 스타일로 표현되었다.,사람 표현이 프롬프트와 충돌하지 않는다.,"눈, 코, 귀가 중복되지 않고 자연스럽게 표현되었다.",사실적 렌더링은 전혀 섞여 있지 않다.,사람의 얼굴이 명확하게 식별 가능하다.,배경이 주방 환경임을 잘 보여준다.,1718,403
20260420_110808_a5009c,1,1.0,1.0,1.0,1.0,0.0,1,1.0,1.0,0.0,1.0,0.0,1,1,1,1.0,1.0,1,15,L4,"""prompt_reflected->L3""",L3,0.0483,0.0232,0.1321,0.0069,,0,강아지의 얼굴이 선명하고 이목구비 표현이 명확함.,이미지 내 강아지가 한 마리만 있음.,거울의 요소가 반영되지 않음.,시간과 관련된 팔레트 정보가 없어 완벽하게 문제 없음.,프롬프트와 반대로 거울이 묘사되지 않음.,강아지의 다리 수가 정확히 표현됨.,한국식 파스텔 그림책 스타일이 잘 나타남.,프롬프트에 명시된 '거울 속 친구'와 충돌하는 사람 표현이 있음.,강아지의 얼굴에 중복된 부분이 없음.,사실적 렌더링이 전혀 없음.,사람의 얼굴이 뚜렷하게 잘 표현되었음.,장소 및 배경이 실내로 일관되어 적절함.,1712,399
20260420_110848_284bac,1,1.0,1.0,1.0,1.0,1.0,1,1.0,1.0,1.0,1.0,1.0,1,1,1,1.0,1.0,1,18,L5,"""""",L5,0.0406,0.0129,0.1037,0.0065,,0,강아지의 얼굴이 선명하게 잘 표현되어 있다.,이미지에 강아지가 정확히 한 마리 있다.,핵심 장면인 강아지가 햇살 속에 있는 모습이 잘 반영되었다.,낮 시간대가 햇살과 어울리는 색상으로 표현되었다.,반사되거나 거울 이미지가 없다.,다리가 4개로 정상적으로 표현되었다.,한국-일본식 파스텔 그림책 스타일로 표현되었다.,사람의 표현이 프롬프트와 충돌하지 않는다.,"눈, 코, 귀가 정상적으로 한 쌍 씩 표현되었다.",사실적인 렌더링 없이 일러스트 스타일이다.,사람 얼굴이 식별 가능하게 잘 표현되었다.,실내에서 햇살이 들어오는 상황이 잘 표현되었다.,1714,411
20260420_110932_766f47,1,1.0,1.0,1.0,1.0,1.0,1,1.0,1.0,1.0,1.0,1.0,1,1,1,1.0,1.0,1,18,L5,"""""",L5,0.0343,0.0118,0.1299,0.0528,0.0112,0,강아지의 얼굴이 선명하게 표현되어 있다.,이미지 내에 강아지가 한 마리만 그려져 있다.,벚꽃과 함께한 산책이라는 장면이 잘 반영되었다.,부드러운 낮 팔레트가 사용되었다.,반사나 거울 이미지가 보이지 않는다.,다리가 정상적으로 네 개만 표현되어 있다.,한국-일본식 파스텔 그림책 스타일로 표현되었다.,사람들이 프롬프트와 충돌하지 않는다.,"눈, 코, 귀가 중복 없이 자연스럽게 그려졌다.",사실적 렌더링 없이 일러스트 스타일로 그려졌다.,사람들의 얼굴이 선명하고 식별 가능하다.,배경에 벚꽃이 피어 있는 산책로가 그려져 있다.,1712,403
20260420_111013_249754,1,1.0,1.0,1.0,1.0,1.0,1,1.0,1.0,1.0,1.0,1.0,1,1,1,1.0,1.0,1,18,L5,"""""",L5,0.0559,0.0149,0.0937,,,0,강아지 얼굴이 선명하게 표현되어 있습니다.,화면에 강아지가 한 마리만 있습니다.,상자와 강아지의 대결 장면이 잘 반영되었습니다.,이미지의 색상 팔레트가 낮과 일치합니다.,반사나 거울 이미지가 없습니다.,다리가 네 개로 정상적인 수입니다.,한국-일본식 파스텔 그림책 스타일을 충족합니다.,프롬프트와 충돌 없이 사람이 표현되어 있습니다.,"눈, 코, 귀가 정상적으로 하나씩 있습니다.",사실적 렌더링 없이 파스텔 스타일로 그려졌습니다.,사람 얼굴이 명확하게 그려져 있습니다.,상황과 적절한 장소 표현이 이루어졌습니다.,1713,388
20260420_111101_75ca83,1,1.0,1.0,1.0,1.0,1.0,1,1.0,1.0,1.0,1.0,1.0,1,1,1,1.0,1.0,1,18,L5,"""""",L5,0.0334,0.0362,0.1227,,,0,강아지의 얼굴이 선명하게 표현되어 있습니다.,이미지에 강아지가 한 마리만 있습니다.,도시락 가방을 탐험하는 상황이 잘 반영되어 있습니다.,햇빛이 비치는 낮 장면으로 잘 표현되어 있습니다.,반사 또는 거울 이미지가 없습니다.,강아지의 다리 개수와 위치가 자연스럽습니다.,한국식 파스텔 그림책 스타일로 표현되었습니다.,사람이 도시락 가방을 탐험하는 모습과일치합니다.,"눈, 코, 귀가 중복되지 않고 정상적으로 그려져 있습니다.",사실적 렌더링 요소가 없습니다.,사람의 얼굴이 식별 가능하게 표현되어 있습니다.,야외에서 도시락을 먹는 피크닉 상황이 적절히 표현되었습니다.,1713,387
20260420_111140_ce07a9,1,1.0,1.0,1.0,1.0,1.0,1,1.0,1.0,1.0,1.0,1.0,1,1,1,1.0,1.0,1,18,L5,"""""",L5,0.0579,0.0081,0.101,,,0,강아지의 얼굴이 뚜렷하고 이목구비가 잘 표현됨.,이미지에는 강아지가 한 마리만 있음.,강아지가 쿠션에서 느긋한 모습으로 프롬프트가 잘 반영됨.,낮 시간대에 맞는 밝은 팔레트 사용됨.,반사 또는 거울 이미지는 없음.,다리의 개수가 정상적임.,한국식 파스텔 그림책 스타일이 잘 구현됨.,프롬프트에 사람이 포함되지 않지만 이미지와 충돌하지 않음.,"눈, 코, 귀가 중복되지 않았음.",사실적 렌더링 없이 파스텔 톤으로 표현됨.,사람의 얼굴이 식별 가능하고 선명하게 표현됨.,쿠션 위에서 휴식을 취하는 상황이 잘 표현됨.,1713,405
20260420_111220_5b2f6b,1,1.0,1.0,1.0,1.0,1.0,1,1.0,1.0,1.0,1.0,1.0,1,1,1,1.0,1.0,1,18,L5,"""""",L5,0.02,0.0215,0.1279,,0.0537,1,강아지 얼굴이 선명하고 깔끔하게 잘 표현됨.,이미지 내 강아지는 정확히 1마리임.,프롬프트에 언급된 '현수랑 공원에서 신나는 시간'이 잘 표현됨.,저녁 분위기가 적절한 색 팔레트로 표현됨.,반사 또는 거울처럼 보이는 부분이 없음.,강아지의 다리 개수와 위치가 자연스러움.,전체적으로 파스텔 그림책 스타일로 잘 표현됨.,프롬프트에 맞게 사람이 자연스럽게 표현됨.,"눈, 코, 귀가 중복 생성되지 않음.",사실적 렌더링 없이 일러스트 스타일임.,사람의 얼굴이 식별 가능하고 명확함.,공원의 배경이 잘 표현되어 있음.,1713,391
20260420_111346_885189,1,1.0,1.0,1.0,1.0,1.0,1,1.0,1.0,1.0,0.0,1.0,1,1,1,1.0,1.0,1,17,L5,"""""",L5,0.0509,0.0205,0.0849,0.0751,,0,강아지의 얼굴이 선명하고 왜곡 없이 잘 표현되어 있습니다.,이미지 내 강아지는 정확히 한 마리입니다.,프롬프트의 핵심 요소인 우비 입은 강아지와 비가 잘 반영되었습니다.,낮의 분위기와 어울리는 밝은 팔레트가 사용되었습니다.,반사/거울 이미지가 없습니다.,강아지의 다리가 자연스럽게 네 개 있습니다.,한국-일본식 파스텔 그림책 스타일로 잘 표현되었습니다.,사람이 프롬프트와 충돌 없이 자연스럽게 표현되어 있습니다.,"눈, 코, 귀가 중복 생성되지 않았습니다.",사실적 렌더링이 혼입되지 않았습니다.,뒷모습으로 얼굴이 명확하게 표현되지 않았습니다.,공원 환경이 배경으로 자연스럽게 표현되었습니다.,1715,412
20260420_111427_cf46bc,1,1.0,1.0,1.0,1.0,1.0,1,1.0,1.0,1.0,1.0,1.0,1,1,1,1.0,1.0,1,18,L5,"""""",L5,0.0395,0.0161,0.1021,,,0,강아지 얼굴이 선명하고 왜곡 없이 표현됨.,이미지에 강아지가 정확히 1마리 있음.,과자 소동과 강아지의 행복한 모습이 잘 반영됨.,낮을 연상시키는 밝은 색상의 팔레트가 사용됨.,반사나 거울 이미지가 없음.,강아지 다리가 자연스럽게 4개 표현됨.,한국식 파스텔 그림책 스타일이 잘 표현됨.,프롬프트에 사람이 포함되어 있고 이미지에도 잘 반영됨.,"눈, 코, 귀가 중복 없이 정상적으로 표현됨.",사실적 렌더링 요소가 혼입되지 않음.,사람 얼굴이 식별 가능하게 명확히 표현됨.,실내에서 과자를 먹는 설정이 잘 반영되어 있음.,1713,402
20260420_111514_102711,1,1.0,1.0,1.0,1.0,1.0,1,1.0,1.0,1.0,1.0,1.0,1,1,1,1.0,1.0,1,18,L5,"""""",L5,0.0538,0.0119,0.0867,,,0,강아지의 얼굴이 선명하게 표현되었다.,이미지 내 강아지가 정확히 한 마리이다.,프롬프트의 핵심 요소가 잘 반영되었다.,이미지 색상이 프롬프트와 일치한다.,반사 또는 거울 이미지가 없다.,강아지의 다리가 추가 생성되지 않았다.,한국-일본식 파스텔 그림책 스타일이다.,사람의 표현이 프롬프트와 충돌하지 않는다.,"눈, 코, 귀가 중복 생성되지 않았다.",사실적 렌더링이 없다.,사람의 얼굴이 식별 가능하다.,장소와 배경이 프롬프트에 적합하다.,1712,377
20260420_111555_60081d,1,1.0,1.0,1.0,1.0,1.0,1,1.0,1.0,0.0,1.0,1.0,1,1,1,1.0,0.0,1,16,L4,"""""",L4,0.0368,0.0036,0.0519,,,0,강아지의 얼굴이 선명하게 표현되어 있음.,강아지가 정확히 한 마리 있음.,프롬프트의 핵심 요소가 잘 반영됨.,저녁 분위기에 맞는 어두운 팔레트 사용.,반사나 거울 이미지가 없음.,다리가 추가 생성되지 않음.,한국-일본식 파스텔 그림책 스타일이 확실함.,사람이 포함되어 프롬프트와 충돌함.,"눈, 코, 귀가 중복 생성되지 않음.",사실적 렌더링이 혼입되지 않았음.,사람 얼굴이 명확하게 표현됨.,프롬프트에 명시된 스파 느낌이 없음.,1712,366
20260420_111634_10cee1,1,1.0,1.0,1.0,1.0,1.0,1,1.0,1.0,1.0,1.0,1.0,1,1,1,1.0,1.0,1,18,L5,"""""",L5,0.0514,0.0095,0.0901,0.0347,,1,강아지 얼굴이 선명하고 잘 표현되어 있다.,강아지가 정확히 1마리 있다.,프롬프트의 핵심 요소가 반영되었다.,시간대와 이미지 팔레트가 일치한다.,반사/거울 이미지가 없다.,다리가 추가 생성되지 않았다.,한국-일본식 파스텔 그림책 스타일로 표현되었다.,사람 표현이 프롬프트와 충돌하지 않는다.,"눈, 코, 귀가 중복 생성되지 않았다.",사실적 렌더링이 혼입되지 않았다.,사람 얼굴이 식별 가능하게 표현되었다.,장소와 배경이 프롬프트와 일치한다.,1710,376
20260420_111735_5d7ddc,1,1.0,1.0,1.0,1.0,1.0,1,1.0,1.0,1.0,1.0,1.0,1,1,1,1.0,1.0,1,18,L5,"""""",L5,0.0518,0.0178,0.1029,,,0,강아지의 얼굴이 선명하고 이목구비가 뚜렷하게 표현됨.,이미지에는 강아지가 정확히 한 마리 존재함.,프롬프트의 핵심 요소인 동화책 읽기가 잘 구현됨.,밝은 팔레트로 낮 시간대가 잘 표현됨.,거울 효과나 반사된 이미지가 없음.,다리가 자연스럽게 두 개만 보임.,한국-일본식 파스텔 그림책 스타일로 그려짐.,사람이 동화책을 읽고 있어 프롬프트와 일치함.,"눈, 코, 귀가 중복되지 않음.",사실적 렌더링 요소가 없음.,아이의 얼굴이 명확하고 이목구비가 잘 표현됨.,집안에서의 독서 장면으로 배경이 적절함.,1713,410
20260420_111815_3b69e8,1,1.0,1.0,1.0,1.0,1.0,1,1.0,1.0,1.0,1.0,1.0,1,1,1,1.0,1.0,1,18,L5,"""""",L5,0.0309,0.0115,0.1162,0.0641,0.0039,0,강아지의 얼굴이 선명하고 왜곡되지 않았음.,이미지 내에 강아지가 한 마리만 존재함.,노을빛 산책길 요소가 잘 반영됨.,노을빛이 이미지의 팔레트로 잘 표현됨.,반사 또는 거울 이미지가 없음.,다리의 수가 자연스럽고 추가 생성되지 않음.,한국식 파스텔 그림책 스타일로 표현됨.,프롬프트와 사람의 표현이 일치함.,"눈, 코, 귀가 중복되지 않고 자연스럽게 표현됨.",사실적 렌더링 없이 일러스트 스타일이 유지됨.,사람의 얼굴이 식별 가능하게 표현됨.,산책길 배경이 자연스럽고 적절하게 표현됨.,1715,391
20260420_111856_76a7bf,1,1.0,1.0,1.0,1.0,1.0,1,1.0,1.0,1.0,1.0,1.0,1,1,1,1.0,1.0,1,18,L5,"""""",L5,0.0442,0.0103,0.0914,,,0,강아지의 얼굴이 선명하게 표현되었다.,이미지 속에 강아지가 한 마리 있다.,강아지가 당근을 먹는 행복한 순간이 잘 표현되었다.,낮의 밝은 팔레트가 일치한다.,반사나 거울 이미지가 없다.,강아지의 다리가 정상적으로 표현되었다.,파스텔 그림책 스타일로 잘 표현되었다.,사람이 프롬프트와 일치하게 등장한다.,"눈, 코, 귀의 중복 생성이 없다.",사실적 렌더링이 혼입되지 않았다.,사람 얼굴이 선명하게 표현되었다.,배경이 주방처럼 정확하게 표현되었다.,1714,378
20260420_111931_6bd11b,1,1.0,1.0,1.0,1.0,1.0,1,1.0,1.0,1.0,1.0,1.0,1,1,1,1.0,1.0,1,18,L5,"""""",L5,0.0578,0.0109,0.0753,,,0,강아지 얼굴이 선명하고 왜곡 없음.,이미지에 강아지가 정확히 한 마리임.,프롬프트의 핵심 요소가 잘 반영됨.,낮의 팔레트와 일치함.,반사 이미지가 없음.,다리가 추가 생성되지 않음.,한국식 파스텔 그림책 스타일을 유지함.,프롬프트와 인간의 표현이 충돌하지 않음.,"눈, 코, 귀가 중복되지 않음.",사실적 렌더링이 혼입되지 않음.,사람 얼굴이 식별 가능하고 뚜렷하게 표현됨.,터널과 주변 배경이 잘 묘사됨.,1711,375
20260420_112014_7644dd,1,1.0,1.0,1.0,1.0,1.0,1,1.0,1.0,1.0,1.0,1.0,1,1,1,1.0,1.0,1,18,L5,"""""",L5,0.0368,0.0083,0.1183,0.055,,0,강아지 얼굴이 선명하고 이목구비가 분명함.,강아지가 정확히 1마리임.,프롬프트의 핵심 장면이 충실하게 반영됨.,밤 시간대에 맞는 어두운 팔레트가 사용됨.,반사 또는 거울 이미지가 없음.,다리가 자연스럽게 4개로 표현됨.,한국-일본식 파스텔 그림책 스타일로 표현됨.,사람이 등장하며 프롬프트와 충돌하지 않음.,"눈, 코, 귀가 중복 생성되지 않았음.",사실적 렌더링이 혼합되지 않음.,사람의 얼굴이 분명하게 표현됨.,침실에 맞는 배경과 소품이 적절히 배치됨.,1716,397
20260420_112052_4aedfc,1,1.0,1.0,1.0,1.0,1.0,1,1.0,1.0,1.0,1.0,1.0,1,1,1,1.0,1.0,1,18,L5,"""""",L5,0.0406,0.0013,0.0743,,,0,강아지 얼굴이 선명하게 잘 표현됨.,이미지에 강아지가 정확히 1마리 있음.,프롬프트의 핵심 요소인 원반 놀이가 잘 반영됨.,낮 시간대에 맞는 밝고 따뜻한 팔레트 사용.,반사 이미지가 없고 자연스럽게 표현됨.,다리의 개수와 위치가 자연스럽게 표현됨.,한국-일본식 파스텔 그림책 스타일로 표현됨.,사람이 프롬프트와 충돌하지 않음.,"눈, 코, 귀가 중복없이 정상적으로 표현됨.",사실적 렌더링 없이 일러스트 스타일로 그려짐.,사람 얼굴이 선명하게 잘 표현됨.,잔디밭에서 원반 놀이 상황이 정확히 표현됨.,1713,403
20260420_112135_0ee387,1,1.0,1.0,1.0,1.0,1.0,1,1.0,1.0,1.0,0.0,1.0,1,1,1,1.0,1.0,1,17,L5,"""""",L5,0.0454,0.0121,0.0684,,,1,강아지 얼굴이 선명하게 표현되어 있다.,이미지 내 강아지가 정확히 1마리이다.,핵심 장면인 '발등 위에서 포근한 밤'이 잘 반영되었다.,밤의 분위기에 맞는 어두운 팔레트가 사용되었다.,반사나 거울 이미지가 없다.,다리 수와 위치가 자연스럽다.,한국-일본식 파스텔 그림책 스타일로 그려졌다.,프롬프트와 충돌하지 않고 사람이 표현되었다.,"눈, 코, 귀가 중복 생성되지 않았다.",사실적 렌더링이 혼입되지 않았다.,사람의 얼굴이 보이지 않아 이목구비를 확인할 수 없다.,실내라는 배경이 잘 표현되어 있다.,1714,386
20260421_111619_3d6a19,1,1.0,1.0,1.0,1.0,1.0,1,1.0,1.0,1.0,1.0,1.0,1,1,1,1.0,1.0,1,18,L5,"""""",L5,0.0415,0.0112,0.1273,,,0,강아지 얼굴이 선명하게 표현되었습니다.,이미지에 강아지가 정확히 1마리 있습니다.,프롬프트의 핵심 장면과 요소가 잘 반영되었습니다.,낮의 팔레트로 잘 표현되었습니다.,반사나 거울 이미지가 없습니다.,다리가 추가 생성되지 않았습니다.,한국-일본식 파스텔 그림책 스타일로 표현되었습니다.,사람이 프롬프트와 일치하여 표현되었습니다.,"눈, 코, 귀가 정상적으로 표현되었습니다.",사실적 렌더링이 없습니다.,사람 얼굴이 선명하게 표현되었습니다.,프롬프트의 침대라는 장소가 명확히 표현되었습니다.,1717,374
20260421_115118_cb6f22,1,1.0,1.0,1.0,1.0,1.0,1,1.0,1.0,0.0,1.0,0.0,1,1,1,1.0,1.0,1,16,L4,"""prompt_reflected->L3""",L3,0.0379,0.0249,0.1171,,,0,강아지의 얼굴이 선명하고 왜곡 없이 그려져 있음.,이미지 내 강아지가 정확히 1마리임.,프롬프트의 '장난감 빵' 대신 실제 빵이 있음.,낮 시간 팔레트와 잘 일치함.,반사나 거울 이미지가 없음.,다리가 추가 생성되거나 비정상적으로 보이지 않음.,한국-일본식 파스텔 그림책 스타일로 표현됨.,사람이 등장하지만 프롬프트와 관련되지 않음.,"눈, 코, 귀가 중복 생성되지 않음.",사실적 렌더링이 혼입되지 않음.,사람의 얼굴이 식별 가능하게 표현됨.,배경이 명확히 주방임을 나타내며 프롬프트와 일관됨.,1713,394
20260421_115219_c24f2d,1,1.0,1.0,1.0,0.0,0.0,1,1.0,1.0,1.0,1.0,1.0,1,1,1,1.0,1.0,1,16,L4,"""one_dog->L1""",L1,0.0423,0.0181,0.1209,0.0028,,0,강아지의 얼굴이 왜곡 없이 선명하게 표현됨.,거울 속 반사로 인해 두 마리로 보임.,거울 속 친구를 만나는 장면이 잘 반영됨.,시간대에 상관없이 적절한 팔레트 사용.,거울이 그림의 핵심 요소로 존재함.,다리가 추가 생성되지 않고 자연스럽게 표현됨.,한국식 파스텔 그림책 스타일로 표현됨.,프롬프트와 충돌하지 않는 사람의 등장.,"눈, 코, 귀가 정상적으로 표현되고 중복 없음.",사실적 렌더링 없이 파스텔 스타일 유지됨.,사람의 얼굴이 명확하게 표현됨.,장소와 배경이 자연스럽게 표현됨.,1712,424
20260421_115301_c7a961,1,1.0,1.0,1.0,1.0,1.0,1,1.0,1.0,1.0,1.0,1.0,1,1,1,1.0,1.0,1,18,L5,"""""",L5,0.0311,0.021,0.1346,-0.0007,,0,강아지 얼굴이 선명하고 왜곡 없이 잘 표현됨.,이미지에 강아지가 한 마리만 존재함.,프롬프트의 핵심 장면인 햇살 속 낮잠이 잘 반영됨.,"낮이 맞으며, 밝고 부드러운 색조로 표현됨.",반사나 거울 이미지가 없음.,다리 수가 정상적으로 표현됨.,한국식 파스텔 그림책 스타일로 표현됨.,사람의 존재가 프롬프트와 충돌하지 않음.,"눈, 코, 귀 등이 중복 없이 정상적으로 배치됨.",사실적 렌더링 없이 일러스트 스타일로 표현됨.,사람의 얼굴이 식별 가능하게 잘 표현됨.,실내 공간과 창 밖의 풍경이 잘 표현되어 배경과 조화를 이룸.,1714,406
20260421_115354_98630b,1,1.0,1.0,1.0,1.0,1.0,1,1.0,1.0,1.0,1.0,1.0,1,1,1,1.0,1.0,1,18,L5,"""""",L5,0.0351,0.0158,0.1362,,,1,강아지의 얼굴이 선명하고 왜곡 없이 잘 표현됨.,이미지에 강아지가 정확히 한 마리만 존재함.,벚꽃길에서의 장면이 잘 반영됨.,낮 시간대에 맞는 밝고 화사한 팔레트 사용.,반사나 거울 이미지가 존재하지 않음.,다리의 개수가 네 개로 정상적임.,한국식 파스텔 그림책 스타일이 잘 구현됨.,사람들이 자연스럽게 벚꽃길에서 걷고 있음.,"눈, 코, 귀가 중복 없이 잘 배열되어 있음.",사실적 렌더링 요소가 없고 전반적으로 그림책 스타일임.,사람의 얼굴이 식별 가능하게 명확하게 표현됨.,배경이 벚꽃길로 설정되어 장소적 맥락이 적절함.,1715,460
20260421_115432_3932fc,1,1.0,1.0,1.0,1.0,1.0,1,1.0,1.0,1.0,1.0,1.0,1,1,1,1.0,1.0,1,18,L5,"""""",L5,0.0427,0.0223,0.1187,,,0,강아지의 얼굴은 선명하고 이목구비가 명확합니다.,이미지 내 강아지는 정확히 1마리입니다.,프롬프트의 상황과 장면이 잘 반영되어 있습니다.,시간대에 어울리는 적절한 색상이 사용되었습니다.,반사나 거울 이미지가 없습니다.,강아지의 다리는 4개로 적절히 표현되었습니다.,한국-일본식 파스텔 그림책 스타일로 표현되었습니다.,사람의 표현이 프롬프트와 충돌하지 않습니다.,"눈, 코, 귀가 중복되지 않고 자연스럽습니다.",사실적 렌더링 없이 부드러운 일러스트 스타일입니다.,사람의 얼굴이 명확하고 식별 가능합니다.,상자와 배경이 프롬프트와 일치합니다.,1713,440
20260421_115510_032e26,1,1.0,1.0,1.0,1.0,1.0,1,1.0,1.0,1.0,1.0,1.0,1,1,1,1.0,1.0,1,18,L5,"""""",L5,0.0359,0.035,0.1023,,,0,강아지 얼굴이 선명하게 표현되었다.,이미지에 강아지가 1마리만 있다.,도시락과 강아지의 행복한 순간이 잘 반영되었다.,저녁의 색조가 이미지에 적합하다.,반사나 거울 이미지가 없다.,다리 개수와 위치가 자연스럽다.,한국식 파스텔 그림책 스타일로 적절하다.,사람이 배경에 자연스럽게 잘 어울린다.,"눈, 코, 귀가 중복 없이 적절하게 표현되었다.",사실적 렌더링이 혼입되지 않았다.,사람 얼굴이 식별 가능하게 표현되었다.,강아지와 피크닉 세팅이 잘 표현되었다.,1714,387
20260421_115554_81462c,1,1.0,1.0,1.0,1.0,1.0,1,1.0,1.0,,,1.0,1,1,1,1.0,1.0,1,16,L4,"""""",L4,0.0493,0.0113,0.1096,,,0,강아지 얼굴이 선명하고 왜곡되지 않음.,이미지에 강아지가 정확히 한 마리 있음.,핵심 장면인 강아지와 쿠션이 잘 반영됨.,낮의 밝은 팔레트가 잘 표현됨.,거울 이미지가 없음.,다리가 추가 생성되지 않고 자연스러움.,한국식 파스텔 그림책 스타일이 잘 반영됨.,사람 관련 프롬프트 없음.,"눈, 코, 귀가 중복 생성되지 않음.",사실적 렌더링 요소가 없음.,평가할 사람 얼굴이 없음.,쿠션 위 배경 맥락이 잘 표현됨.,1714,358
20260421_115636_b293f7,1,1.0,1.0,1.0,1.0,1.0,1,1.0,1.0,1.0,1.0,1.0,1,1,1,1.0,1.0,1,18,L5,"""""",L5,0.0256,0.0221,0.1241,0.0423,0.0442,1,강아지의 얼굴이 선명하고 왜곡되지 않음.,이미지 내 강아지가 정확히 1마리임.,프롬프트의 핵심 요소(공원에서 산책)가 잘 반영됨.,프롬프트와 이미지의 밤 풍경이 일치함.,반사나 거울 이미지가 없음.,강아지 다리가 추가 생성되지 않음.,한국식 파스텔 그림체로 표현됨.,프롬프트에 사람(현수)이 포함되며 이미지에 잘 반영됨.,"눈, 코, 귀가 중복 생성되지 않음.",사실적 렌더링이 혼입되지 않음.,사람의 얼굴이 이목구비가 뚜렷하게 표현됨.,배경이 공원으로 잘 묘사되어 있음.,1714,402
20260421_115727_4d53a2,1,1.0,1.0,1.0,1.0,1.0,1,1.0,1.0,1.0,1.0,1.0,1,0,1,1.0,1.0,1,17,L5,"""""",L5,0.0517,0.0192,0.1051,0.0734,,0,강아지의 얼굴이 선명하고 이목구비가 뚜렷합니다.,이미지에 강아지가 한 마리만 나타납니다.,우비를 입고 뛰어노는 장면이 잘 반영되었습니다.,이미지의 색감이 낮의 분위기와 잘 어울립니다.,반사나 거울 이미지가 없습니다.,다리가 자연스럽게 네 개 그려져 있습니다.,한국식 파스텔 그림책 스타일로 잘 표현되었습니다.,프롬프트에 어긋나지 않게 사람이 잘 표현되었습니다.,"눈, 코, 귀가 중복 생성되지 않았습니다.",사실적 렌더링 없이 그림책 스타일을 유지하고 있습니다.,사람의 얼굴이 뚜렷하게 식별 가능합니다.,배경의 표현이 전체적인 맥락에 잘 맞습니다.,1713,406
20260421_115805_b3427a,1,1.0,1.0,1.0,1.0,1.0,1,1.0,1.0,1.0,1.0,1.0,1,1,1,1.0,1.0,1,18,L5,"""""",L5,0.0381,0.029,0.1099,,,0,강아지 얼굴이 선명하게 표현되어 있습니다.,이미지 내 강아지가 정확히 한 마리입니다.,프롬프트의 핵심 요소인 강아지가 잘 반영되어 있습니다.,"프롬프트에 낮, 밤, 저녁 시간이 명시되지 않아 팔레트가 적절합니다.",반사나 거울 이미지가 없습니다.,다리가 정상적인 수로 표현되어 있습니다.,한국식 파스텔 그림책 스타일로 표현되었습니다.,이미지에 표현된 사람들은 프롬프트와 충돌하지 않습니다.,"눈, 코, 귀가 중복되지 않았습니다.",사실적 렌더링 없이 파스텔 느낌으로 그려졌습니다.,사람 얼굴이 식별 가능하게 잘 표현되어 있습니다.,프롬프트의 장소적 배경과 일치합니다.,1714,389
20260421_115845_58d926,1,1.0,1.0,1.0,1.0,1.0,1,1.0,1.0,,1.0,1.0,1,1,1,1.0,1.0,1,17,L5,"""""",L5,0.0491,0.0126,0.1165,,,1,강아지 얼굴이 선명하며 이목구비가 뚜렷하다.,이미지 내에 강아지가 정확히 한 마리 존재한다.,담요 속에서 포근한 하루라는 장면이 정확히 반영되었다.,시간대와 어울리는 색조를 사용하였다.,반사되거나 거울 같은 부분은 없다.,다리의 개수가 자연스럽고 추가 생성되지 않았다.,한국식 파스텔 그림 책 스타일이다.,프롬프트에 사람에 대한 특정 언급이 없다.,"눈, 코, 귀가 중복 생성되지 않았다.",사실적인 렌더링 없이 그림체로 표현되었다.,사람의 얼굴이 식별 가능하고 뚜렷하다.,실내 배경과 담요 등의 요소가 잘 표현되었다.,1712,388
20260421_115926_468e61,1,1.0,1.0,1.0,1.0,1.0,1,1.0,1.0,,,1.0,1,1,1,1.0,1.0,1,16,L4,"""""",L4,0.0447,0.0114,0.0959,-0.0077,,0,강아지의 얼굴이 선명하고 왜곡되지 않았다.,이미지에 강아지가 정확히 한 마리 있다.,강아지가 바람을 즐기는 모습으로 프롬프트와 일치한다.,저녁 시간대의 어두운 팔레트가 잘 반영되었다.,반사 또는 거울 이미지가 없다.,강아지의 다리가 추가 생성되지 않았다.,한국-일본식 파스텔 그림책 스타일을 잘 반영했다.,사람은 프롬프트에 명시되지 않았다.,"눈, 코, 귀 등의 얼굴 부위가 중복되지 않았다.",사실적 렌더링이 혼입되지 않았다.,사람은 프롬프트에 명시되지 않았다.,배경이 실내 환경을 정확히 나타내고 있다.,1711,395
20260421_120005_31b670,1,1.0,1.0,1.0,1.0,0.0,1,1.0,1.0,1.0,1.0,1.0,1,1,1,1.0,1.0,1,17,L5,"""""",L5,0.0535,0.0134,0.1167,0.0383,,0,강아지 얼굴이 선명하게 표현되었습니다.,이미지에 강아지가 정확히 한 마리 있습니다.,프롬프트의 장면이 잘 반영되었습니다.,현실적인 색조로 낮의 장면을 묘사했습니다.,거울에 비친 강아지가 반사되어 있습니다.,강아지의 다리가 자연스럽게 표현되었습니다.,파스텔 그림책 스타일로 표현되었습니다.,프롬프트와 충돌하지 않는 사람 표현입니다.,"눈, 코, 귀가 중복되지 않았습니다.",사실적 렌더링이 아닙니다.,사람 얼굴이 명확하게 표현되었습니다.,장소와 배경이 잘 표현되었습니다.,1713,362
20260421_120049_1711d5,1,1.0,1.0,1.0,1.0,1.0,1,1.0,1.0,1.0,1.0,1.0,1,1,1,1.0,1.0,1,18,L5,"""""",L5,0.0525,0.0195,0.0906,,,1,강아지 얼굴이 뭉개지지 않고 선명하게 그려져 있다.,이미지 내 강아지가 정확히 한 마리 있다.,프롬프트의 핵심 요소인 동화책과 조카가 모두 반영되어 있다.,팔레트가 실내 낮 풍경에 맞게 따뜻하고 부드럽다.,반사/거울 이미지가 없다.,강아지 다리가 추가 생성되지 않고 자연스럽다.,한국-일본식 파스텔 그림책 스타일로 표현되었다.,사람(조카)이 프롬프트와 일치하여 표현되었다.,"눈, 코, 귀 등이 중복 생성되지 않았다.",사실적 렌더링이 없이 그림체로 잘 표현되어 있다.,조카의 얼굴이 선명하게 잘 표현되어 있다.,실내의 배경과 소품들이 자연스럽게 잘 어우러져 있다.,1712,420
20260421_120132_176183,0,,,,,,1,,,,,,1,1,1,,,1,5,L1,"""dog_visible->L0""",L0,0.0177,0.0099,0.1349,0.0577,0.0031,1,[LLM SKIPPED: dog not visible],[LLM SKIPPED: dog not visible],[LLM SKIPPED: dog not visible],[LLM SKIPPED: dog not visible],[LLM SKIPPED: dog not visible],[LLM SKIPPED: dog not visible],[LLM SKIPPED: dog not visible],[LLM SKIPPED: dog not visible],[LLM SKIPPED: dog not visible],[LLM SKIPPED: dog not visible],[LLM SKIPPED: dog not visible],[LLM SKIPPED: dog not visible],0,0
20260421_120219_861131,1,1.0,1.0,1.0,1.0,1.0,1,1.0,1.0,1.0,1.0,1.0,1,1,1,1.0,1.0,1,18,L5,"""""",L5,0.0425,0.0229,0.1248,0.0389,,0,강아지 얼굴이 선명하게 표현됨.,이미지 내 강아지가 정확히 1마리임.,프롬프트의 주요 장면이 잘 반영됨.,이미지의 밝은 팔레트가 어울림.,반사 또는 거울 이미지가 없음.,다리의 개수가 자연스러움.,파스텔 그림책 스타일로 표현됨.,사람의 행동이 프롬프트와 일치함.,"눈, 코, 귀 등이 중복 생성되지 않음.",사실적 렌더링이 섞이지 않음.,사람 얼굴이 선명하게 표현됨.,주방 배경과 소품이 적절히 표현됨.,1714,374
20260421_120312_a4b513,1,1.0,1.0,1.0,1.0,1.0,1,1.0,1.0,1.0,1.0,1.0,1,1,1,1.0,1.0,1,18,L5,"""""",L5,0.0508,0.0151,0.0956,,,0,강아지 얼굴이 선명하고 왜곡이 없음.,이미지 내 강아지가 정확히 1마리임.,프롬프트의 터널 장면이 반영됨.,시간대와 일치하는 밝은 팔레트 사용.,반사/거울 이미지가 없음.,다리 수가 자연스러움.,파스텔 그림책 스타일이 명확히 드러남.,사람 표현이 프롬프트와 충돌하지 않음.,"눈, 코, 귀가 정확히 하나씩 표현됨.",사실적 렌더링 요소가 없음.,사람 얼굴이 선명하게 표현됨.,프롬프트의 터널 배경이 적절히 표현됨.,1712,368
20260421_120420_39c9ea,1,1.0,1.0,1.0,1.0,1.0,1,1.0,1.0,1.0,1.0,1.0,1,1,1,1.0,1.0,1,18,L5,"""""",L5,0.0375,0.0105,0.1144,0.027,,0,강아지의 얼굴이 선명하게 표현되어 있습니다.,강아지가 한 마리만 있습니다.,프롬프트의 따뜻한 밤의 분위기가 잘 반영되었습니다.,밤의 따뜻한 팔레트와 잘 어울립니다.,반사나 거울 이미지는 없습니다.,다리의 개수와 위치가 자연스럽습니다.,한국-일본식 파스텔 그림책 스타일입니다.,사람이 자연스럽게 묘사되어 있습니다.,"중복된 눈, 코, 귀가 없습니다.",사실적인 렌더링이 혼입되지 않았습니다.,사람의 얼굴이 명확하게 식별 가능합니다.,상황에 맞는 배경이 잘 표현되어 있습니다.,1713,377
20260421_120523_043ca2,1,1.0,1.0,1.0,1.0,1.0,1,1.0,1.0,1.0,1.0,1.0,1,1,1,1.0,1.0,1,18,L5,"""""",L5,0.0323,-0.0028,0.0761,,,1,강아지의 눈코입이 선명하게 표현됨.,이미지에 강아지는 한 마리.,원반 던지기 모습이 프롬프트와 일치함.,눈에 띄는 시간대 오류 없음.,반사 또는 거울 효과 없음.,강아지 다리의 개수가 자연스러움.,한국-일본식 파스텔 그림 스타일로 표현됨.,사람이 등장하며 프롬프트와 충돌하지 않음.,"눈, 코, 귀 등이 중복되지 않음.",사실적 렌더링 없이 그림책 스타일 유지.,사람 얼굴이 식별 가능하게 표현됨.,야외에서 강아지와 놀고 있는 상황으로 맥락에 맞음.,1716,374
20260421_120604_2dea3a,1,1.0,1.0,1.0,1.0,1.0,1,1.0,1.0,1.0,1.0,1.0,1,1,1,1.0,1.0,1,18,L5,"""""",L5,0.0447,0.0252,0.117,,,0,강아지의 얼굴이 선명하게 표현되었다.,이미지 내 강아지가 정확히 한 마리이다.,이미지가 프롬프트의 핵심 요소를 잘 반영했다.,밤의 따뜻한 분위기와 이미지 팔레트가 일치한다.,반사 이미지가 없다.,강아지의 다리가 추가 생성되지 않았다.,한국-일본식 파스텔 그림 스타일이다.,사람이 프롬프트와 충돌하지 않는다.,"눈, 코, 귀가 중복되지 않았다.",사실적 렌더링이 혼입되지 않았다.,사람의 얼굴이 식별 가능하게 표현되었다.,배경이 적절하고 주요 소품이 잘 표현되었다.,1714,381
20260421_121200_283774,1,1.0,1.0,1.0,1.0,1.0,1,1.0,1.0,1.0,1.0,1.0,1,1,1,1.0,1.0,1,18,L5,"""""",L5,0.0385,0.0087,0.0824,,,0,강아지 얼굴이 선명하고 왜곡 없이 그려졌습니다.,이미지에 강아지가 정확히 1마리 있습니다.,양말 놀이와 아침의 즐거움이 잘 드러나 있습니다.,아침의 밝고 따뜻한 팔레트가 사용되었습니다.,반사 이미지가 존재하지 않습니다.,강아지의 다리 수가 정상입니다.,한국-일본식 파스텔 그림체로 표현되었습니다.,프롬프트와 충돌 없이 사람 표현이 적합합니다.,"눈, 코, 귀 등이 중복 생성되지 않았습니다.",사실적 렌더링 없이 일러스트 스타일입니다.,사람의 얼굴이 선명하고 잘 표현되었습니다.,실내 공간으로 프롬프트의 배경과 일치합니다.,1717,383
20260421_121309_d477b0,1,1.0,1.0,1.0,1.0,1.0,1,1.0,1.0,1.0,1.0,1.0,1,1,1,1.0,1.0,1,18,L5,"""""",L5,0.0452,0.0204,0.1157,,,0,강아지 얼굴이 선명하고 왜곡이 없습니다.,강아지가 정확히 1마리입니다.,"""그림자 구경하며""라는 프롬프트가 반영되었습니다.",밝은 팔레트와 낮 시간대가 일치합니다.,반사/거울 이미지가 없습니다.,다리가 추가 생성되지 않았습니다.,한국-일본식 파스텔 그림책 스타일입니다.,사람이 프롬프트와 일치하게 표현되었습니다.,"눈, 코, 귀가 중복되지 않았습니다.",사실적 렌더링 요소가 없습니다.,사람 얼굴이 식별 가능하게 표현되었습니다.,실내 배경과 창문이 잘 표현되어 있습니다.,1715,364
20260421_121345_95a388,1,1.0,1.0,1.0,1.0,1.0,1,1.0,1.0,1.0,1.0,1.0,1,1,1,1.0,1.0,1,18,L5,"""""",L5,0.034,0.0176,0.1168,,,0,강아지 얼굴이 왜곡 없이 선명하게 표현되었다.,이미지에 강아지는 1마리만 있다.,창가에서 평화로운 하루를 보내는 분위기로 반영되었다.,낮의 팔레트가 잘 반영되어 있다.,반사나 거울 이미지가 없다.,다리가 추가 생성되지 않고 자연스럽게 표현되었다.,한국-일본식 파스텔 그림책 스타일로 그려졌다.,사람이 창가에서 강아지와 함께 있는 장면이므로 일치한다.,"눈, 코, 귀가 중복되지 않고 정상적으로 표현되었다.",사실적 렌더링이 혼입되지 않았다.,사람 얼굴이 흐리거나 이목구비가 불분명하지 않다.,창가의 배경이 이미지에 적절히 표현되어 있다.,1711,444
20260421_121429_4751a7,1,1.0,1.0,1.0,1.0,1.0,1,1.0,1.0,1.0,1.0,1.0,1,1,1,1.0,1.0,1,18,L5,"""""",L5,0.0435,0.0122,0.0854,0.0617,,0,강아지의 얼굴이 선명하고 잘 표현됨.,이미지 내 강아지가 정확히 1마리임.,잔디밭에서 공놀이 장면이 잘 반영됨.,낮을 연상시키는 밝은 팔레트 사용.,반사나 거울 이미지가 없음.,다리의 수가 적절하고 자연스러움.,한국-일본식 파스텔 그림책 스타일로 그려짐.,사람들이 배경에 자연스럽게 추가되어 있음.,"눈, 코, 귀가 중복 없이 정확히 표현됨.",사실적 렌더링이 혼입되지 않음.,사람들의 얼굴이 식별 가능하게 그려짐.,잔디밭의 배경이 잘 표현됨.,1714,389
20260421_121512_83452c,1,1.0,1.0,1.0,1.0,1.0,1,1.0,1.0,1.0,1.0,1.0,1,1,1,1.0,1.0,1,18,L5,"""""",L5,0.0415,0.0096,0.076,,,1,강아지의 얼굴이 선명하게 그려져 있다.,이미지 내 강아지는 한 마리이다.,프롬프트의 장면이 정확히 반영되어 있다.,방 안의 낮 시간대의 색조가 적절하다.,반사나 거울 이미지가 없다.,"강아지 다리는 네 개로, 추가 생성되지 않았다.",전반적으로 파스텔 그림책 스타일로 그려졌다.,사람이 프롬프트와 충돌하지 않는다.,"눈, 코, 귀 등 얼굴의 부위가 중복되지 않는다.",사실적 렌더링 요소가 없다.,사람 얼굴이 선명하게 표현되어 있다.,"실내라는 장소와 청소기, 소파 등 배경이 잘 일치한다.",1713,379
20260421_121554_3a7004,1,1.0,1.0,1.0,1.0,1.0,1,1.0,1.0,1.0,1.0,1.0,1,1,1,1.0,1.0,1,18,L5,"""""",L5,0.037,0.0158,0.1157,,0.0424,1,강아지의 얼굴이 선명하게 잘 표현되었다.,그림에 강아지는 한 마리인 것으로 보인다.,프롬프트의 핵심 요소인 '꽃집 앞 탐정 놀이'가 잘 반영되었다.,시간대와 어울리는 팔레트가 사용되었다.,반사 이미지나 거울 이미지가 없다.,다리의 개수는 4개로 적절하게 표현되었다.,한국-일본식 파스텔 그림책 스타일이 잘 표현되었다.,사람이 프롬프트 내용에 부합되게 등장한다.,"눈, 코, 귀가 중복되지 않고 자연스럽게 표현되어 있다.",사실적 렌더링은 혼입되지 않았다.,사람의 얼굴이 선명하고 분명하게 표현되어 있다.,꽃집 앞의 배경이 잘 표현되어 있다.,1711,412
20260421_121635_2e1af2,1,1.0,1.0,1.0,1.0,1.0,1,1.0,1.0,1.0,1.0,1.0,1,1,1,1.0,1.0,1,18,L5,"""""",L5,0.0419,0.0107,0.0887,,,0,강아지의 얼굴이 선명하고 명확하게 표현됨.,이미지 내에 강아지가 한 마리만 존재함.,프롬프트의 핵심인 '햇살 속에서 졸린 하루'가 잘 반영됨.,햇살이 잘 반영된 밝은 팔레트가 사용됨.,반사나 거울 이미지가 없음.,강아지의 다리가 정상적인 개수로 표현됨.,전체적인 이미지가 한국/일본식 파스텔 그림책 스타일로 표현됨.,사람의 등장은 프롬프트와 충돌하지 않음.,"눈, 코, 귀가 중복 없이 정상적으로 표현됨.",사실적인 렌더링 요소가 없음.,사람의 얼굴이 명확하게 식별 가능하게 표현됨.,실내 배경과 소품이 자연스럽게 표현됨.,1713,400
20260421_121715_26182c,1,1.0,1.0,1.0,1.0,1.0,1,1.0,1.0,0.0,1.0,0.0,1,1,1,1.0,0.0,1,15,L4,"""prompt_reflected->L3""",L3,0.0373,0.0115,0.0913,,,0,강아지 얼굴이 선명하고 뚜렷하게 표현됨.,이미지에는 강아지가 한 마리만 있음.,프롬프트 '걷기'에 대한 반영이 없음.,실내 조명이 있는 저녁 분위기로 잘 표현됨.,반사/거울 이미지가 없음.,다리의 개수가 적절하게 표현됨.,한국-일본식 파스텔 그림책 스타일으로 표현됨.,프롬프트에 '현수'가 등장하지만 이미지에 사람이 포함됨.,"눈, 코, 귀가 중복되지 않음.",사실적 렌더링이 없이 완전히 일러스트 스타일임.,사람의 얼굴이 선명하게 표현됨.,배경이 지나치게 단순하고 프롬프트 내용과 일치하지 않음.,1713,400
20260421_121754_d2b211,1,1.0,1.0,1.0,1.0,1.0,1,1.0,1.0,1.0,1.0,1.0,1,1,1,1.0,1.0,1,18,L5,"""""",L5,0.0578,0.0098,0.1138,,,0,강아지의 얼굴이 선명하고 또렷하게 표현됨.,이미지에 강아지가 정확히 1마리 포함됨.,핵심 장면인 계단을 오르는 장면이 잘 반영됨.,이미지의 팔레트가 주간 느낌과 잘 어울림.,반사 또는 거울 이미지 효과가 없음.,다리의 수가 자연스럽고 추가 생성되지 않음.,한국식 파스텔 그림책 스타일이 잘 구현됨.,사람의 표현이 프롬프트와 충돌하지 않음.,"눈, 코, 귀가 잘 구별되고 중복 생성되지 않음.",사실적 렌더링 요소 없이 그림체가 일관됨.,사람의 얼굴이 명확하고 또렷하게 표현됨.,계단이라는 배경이 명확하게 표현됨.,1715,407
20260421_121833_b6cf15,1,1.0,1.0,1.0,1.0,1.0,1,1.0,1.0,1.0,1.0,1.0,1,1,1,1.0,1.0,1,18,L5,"""""",L5,0.0571,0.0075,0.07,0.0696,,1,강아지의 얼굴이 선명하게 표현되었음.,이미지에는 강아지가 한 마리만 있음.,공놀이하는 장면이 프롬프트와 일치함.,색상 팔레트가 하루 중 시간과 일치함.,반사되거나 거울 이미지 없음.,다리의 수가 정상적으로 표현되었음.,파스텔 그림책 스타일로 제작됨.,이미지 내 사람은 프롬프트와 일치함.,"눈, 코, 귀가 정상적으로 하나씩 표현됨.",사실적 렌더링이 혼입되지 않음.,사람의 얼굴이 식별 가능하게 표현됨.,실내에서의 장면이 배경과 일치함.,1713,371
20260421_121915_ebe7ac,1,1.0,1.0,1.0,1.0,1.0,1,1.0,1.0,1.0,1.0,1.0,1,1,1,1.0,1.0,1,18,L5,"""""",L5,0.0378,0.0111,0.1222,0.0359,,0,강아지 얼굴이 선명하게 표현됨.,이미지에 강아지가 정확히 한 마리 있음.,비 오는 날 은지 무릎에 강아지가 누워 있는 장면이 잘 반영됨.,비오는 날씨에 맞는 색상 팔레트 사용.,반사/거울 이미지가 없음.,다리 개수와 위치가 자연스러움.,한국-일본식 파스텔 그림책 스타일을 잘 나타냄.,프롬프트에 있는 사람이 이미지에 나타남.,"눈, 코, 귀가 중복되지 않음.",사실적인 렌더링이 혼입되지 않음.,사람 얼굴이 명확하게 표현됨.,장소와 배경이 프롬프트와 일치함.,1717,391
20260421_121953_0c97a8,1,1.0,1.0,1.0,1.0,1.0,1,1.0,1.0,1.0,1.0,1.0,1,1,1,1.0,1.0,1,18,L5,"""""",L5,0.0422,0.0166,0.1102,,,0,강아지의 얼굴이 선명하고 부드럽게 표현됨.,이미지에 강아지는 한 마리만 있음.,장난감을 가지고 노는 강아지의 모습이 잘 나타나 있음.,이미지의 밝은 톤이 낮이라는 설정과 어울림.,반사 이미지나 거울 요소는 없음.,강아지의 다리 수가 정상임.,파스텔 톤의 부드러운 그림체로 표현됨.,강아지와 인간이 함께 있는 설정에 부합함.,"눈, 코, 귀가 정상적으로 하나씩 표현됨.",사실적 렌더링 요소 없이 일러스트 스타일 유지됨.,사람의 얼굴이 선명하고 부드럽게 표현됨.,실내에서 강아지가 노는 상황이 잘 표현됨.,1715,397
20260421_122030_106c56,1,1.0,1.0,1.0,1.0,1.0,1,1.0,1.0,1.0,1.0,1.0,1,1,1,1.0,1.0,1,18,L5,"""""",L5,0.0435,0.024,0.1272,,,0,강아지의 얼굴이 선명하고 왜곡 없이 표현됨.,이미지 내 강아지가 한 마리만 존재함.,핵심 장면이 반영되어 있음.,이미지가 낮의 느낌으로 밝게 표현됨.,반사나 거울 이미지는 없음.,강아지의 다리 수가 정상적으로 표현됨.,한국-일본식 파스텔 그림책 스타일이 잘 표현됨.,프롬프트와 충돌은 없음.,"눈, 코, 귀가 중복 없이 정상적으로 표현됨.",사실적 렌더링 없이 일러스트 스타일로 유지됨.,사람의 얼굴이 식별 가능하게 표현됨.,실내 배경이 적절히 표현됨.,1711,379
20260421_122111_bd66bb,1,1.0,1.0,1.0,1.0,1.0,1,1.0,1.0,1.0,1.0,1.0,1,0,1,1.0,1.0,1,17,L5,"""""",L5,0.0406,0.0161,0.1154,0.0455,-0.0139,1,강아지의 얼굴이 선명하게 표현되어 있음.,이미지에 강아지가 정확히 한 마리 있음.,프롬프트의 핵심 요소인 '산책'을 반영함.,밝고 따뜻한 낮의 팔레트와 일치함.,반사 효과가 없는 이미지임.,강아지의 다리가 네 개로 정상적임.,한국-일본식 파스텔 그림첵 스타일로 제작됨.,프롬프트에 맞는 인간이 등장함.,"눈, 코, 귀가 중복되지 않음.",사실적 렌더링이 포함되지 않음.,아기의 얼굴이 명확하게 식별 가능함.,푸른 초원의 배경이 적절히 표현됨.,1712,387
20260421_122149_6fc2ed,1,1.0,1.0,1.0,1.0,1.0,1,1.0,1.0,1.0,1.0,1.0,1,1,1,1.0,1.0,1,18,L5,"""""",L5,0.0365,0.0134,0.0995,,,1,강아지의 얼굴이 선명하게 표현되었습니다.,이미지에 강아지는 한 마리만 있습니다.,프롬프트의 창가와 우아한 느낌이 잘 반영되었습니다.,밝은 낮의 분위기와 팔레트가 일치합니다.,반사나 거울 이미지는 없습니다.,다리의 개수와 위치가 자연스럽습니다.,전체적으로 파스텔 그림책 스타일입니다.,이미지에 사람의 존재가 프롬프트와 충돌하지 않습니다.,"눈, 코, 귀가 중복되지 않고 정상적으로 표현되었습니다.",사실적 렌더링이 없어 일러스트 느낌이 강합니다.,사람의 얼굴이 또렷하게 그려져 있습니다.,창가라는 장소적 배경이 명확히 드러나 있습니다.,1711,396
20260421_122231_e6528c,1,1.0,1.0,1.0,1.0,1.0,1,1.0,1.0,1.0,1.0,1.0,1,1,1,1.0,1.0,1,18,L5,"""""",L5,0.0468,0.0172,0.1134,,,0,강아지 얼굴이 선명하게 표현되어 있음.,이미지에 강아지가 한 마리만 있음.,프롬프트의 핵심 장면인 '바스락 소리에 귀가 쫑긋'이 잘 표현됨.,이미지의 팔레트가 낮 시간대에 맞는 밝은 톤임.,반사 이미지가 없음.,다리가 추가적으로 그려지지 않음.,한국-일본식 파스텔 그림책 스타일이 잘 반영됨.,사람이 프롬프트와 충돌하지 않음.,"눈, 코, 귀가 중복되지 않음.",사실적 렌더링 없이 일러스트 스타일임.,사람의 얼굴이 식별 가능하게 표현됨.,실내 배경이 자연스럽게 잘 표현됨.,1716,387
20260421_122316_4c2efc,1,1.0,1.0,1.0,1.0,1.0,1,1.0,1.0,1.0,1.0,1.0,1,1,1,1.0,1.0,1,18,L5,"""""",L5,0.04,0.0177,0.1108,,,0,강아지 얼굴이 선명하고 이목구비가 명확하게 표현됨.,이미지에 강아지가 정확히 한 마리만 있음.,훈련 놀이하는 장면이 프롬프트에 부합됨.,이미지의 색감과 조명이 낮 시간대에 적합함.,반사나 거울 이미지가 없음.,강아지 다리가 자연스러운 위치와 개수로 표현됨.,한국-일본식 파스텔 그림책 스타일로 구현됨.,사람이 자연스럽게 묘사되어 프롬프트와 일관됨.,"눈, 코, 귀의 중복 생성 없이 자연스럽게 표현됨.",사실적 렌더링 없이 일러스트 스타일로 표현됨.,사람의 얼굴이 선명하고 이목구비가 정확히 표현됨.,배경이 실내 환경으로 자연스럽게 표현됨.,1714,405
20260421_122354_c4fab0,1,1.0,1.0,1.0,1.0,1.0,1,1.0,1.0,1.0,1.0,1.0,1,1,1,1.0,1.0,1,18,L5,"""""",L5,0.0401,0.014,0.1393,,,0,강아지의 얼굴이 선명하게 표현되어 있다.,이미지 내 강아지가 정확히 1마리이다.,프롬프트의 핵심 장면인 '담요 속 포근한 시간'이 잘 반영되었다.,낮 시간에 맞는 밝은 팔레트가 사용되었다.,반사 이미지가 없다.,다리 개수가 정확하며 위치가 자연스럽다.,한국-일본식 파스텔 그림책 스타일이 잘 드러난다.,사람의 표현이 프롬프트와 충돌하지 않는다.,"눈, 코, 귀가 중복 생성되지 않았다.",사실적 렌더링이 혼입되지 않았다.,사람의 얼굴이 식별 가능하게 표현되었다.,배경의 장소와 조건이 그림 속 상황과 일치한다.,1711,401
20260421_122437_6ff4b1,1,1.0,1.0,1.0,1.0,1.0,1,1.0,1.0,1.0,1.0,1.0,1,1,1,1.0,1.0,1,18,L5,"""""",L5,0.0391,0.01,0.0778,,,1,강아지 얼굴이 선명하고 이목구비가 뚜렷하다.,이미지에 강아지가 한 마리만 존재한다.,프롬프트의 핵심 요소인 풀밭에서 뛰는 장면이 잘 반영되었다.,낮 시간대를 반영하는 적절한 팔레트가 사용되었다.,반사나 거울 이미지가 없다.,다리가 4개이며 추가적으로 생성되지 않았다.,한국-일본식 파스텔 그림책 스타일이 잘 반영되었다.,"사람이 프롬프트에 없지는 않으며, 표현이 부합한다.","눈, 코, 귀 등 얼굴 부분이 중복되지 않았다.",사실적인 렌더링이 혼입되지 않았다.,사람 얼굴이 식별 가능하게 표현되었다.,"배경이 풀밭으로 설정되어 있으며, 장소 컨텍스트에 적합하다.",1714,420
20260421_122520_89bacb,1,1.0,1.0,1.0,1.0,1.0,1,1.0,1.0,1.0,1.0,1.0,1,1,1,1.0,1.0,1,18,L5,"""""",L5,0.047,0.0128,0.0945,,,0,강아지의 얼굴이 선명하고 왜곡이 없습니다.,이미지 내에 강아지가 한 마리만 있습니다.,프롬프트의 핵심 장면이 명확히 반영되었습니다.,밤에 어울리는 따뜻한 팔레트가 사용되었습니다.,반사나 거울 이미지가 없습니다.,다리가 추가 생성되지 않았습니다.,한국-일본식 파스텔 그림책 스타일이 명확합니다.,프롬프트와 충돌하지 않는 사람 표현이 있습니다.,"눈, 코, 귀가 중복되거나 이상하지 않습니다.",사실적 렌더링이 혼입되지 않았습니다.,사람 얼굴이 명확하게 표현되었습니다.,프롬프트에 해당하는 장소와 배경이 잘 표현되었습니다.,1712,425
20260423_145249_8c5602,1,1.0,1.0,1.0,1.0,1.0,1,1.0,1.0,1.0,1.0,1.0,1,1,1,1.0,1.0,1,18,L5,"""""",L5,0.0352,0.0242,0.1176,0.0089,,0,강아지 얼굴이 선명하게 표현되어 있음.,이미지에 강아지는 정확히 한 마리.,이미지에 병원 장면이 표현됨.,시간대와 무관하게 팔레트가 적절함.,반사 이미지 없음.,다리의 개수 및 위치가 정상적임.,한국-일본식 파스텔 그림책 스타일로 표현됨.,사람의 존재가 프롬프트와 일치함.,"눈, 코, 귀의 중복 생성 없음.",사실적 렌더링이 혼입되지 않음.,사람 얼굴이 식별 가능함.,병원 배경이 잘 표현되어 있음.,1712,367
